搜索词,排名,浏览量(PV),访客数(UV),IP数,平均访问时长,搜索词字数,跳出率
百度统计器,1,580666,483661,484218,94,5,0.93 
百度数据埋点,2,470851,252098,253926,76,6,0.61 
百度趋势,3,282116,191646,192873,57,4,0.77 
百度统计第三方推广统计,4,281533,263560,263458,96,11,0.95 
统计百度,5,231176,141998,143331,72,4,0.71 
百度数据分析工具,6,129707,27962,27966,619,8,0.13 
百度数据分析工具,7,63795,13379,13419,609,8,0.15 
百度统计代码,8,173809,68284,68703,95,6,0.60 
网站访问统计,9,142301,83009,85993,47,6,0.82 
BAIDUTONGJI,10,134759,58211,59067,87,11,0.60 
百度统计工具,11,125735,33800,34135,294,6,0.06 
tongji.baidu.com,12,95636,85572,85626,80,16,0.95 
BAIDUTONGJI,13,95604,86579,86616,83,11,0.94 
百度统计账号,14,94065,76121,76255,85,6,0.90 
百度访问统计,15,93928,29131,30262,75,6,0.35 
百度统计登陆,16,85578,49758,49902,81,6,0.62 
数据中台,17,82355,73237,73325,92,4,0.95 
百度数据,18,79779,62758,62962,97,4,0.90 
百度数据分析,19,75749,12492,12532,319,6,0.16 
网站访问统计,20,74938,52105,52301,51,6,0.78 
网站访问分析,21,74353,62386,62531,96,6,0.93 
网站统计,22,72433,44333,44318,82,4,0.74 
百度統計,23,71843,39612,39659,62,4,0.40 
百度数据埋点,24,64505,41716,41851,90,6,0.75 
百度数据埋点,25,59395,53289,53302,109,6,0.93 
百度统计第三方推广统计,26,56839,51295,51310,126,11,0.91 
网站点击量统计,27,50321,41840,41907,91,7,0.92 
百度统计平台,28,48256,9769,9808,231,6,0.28 
统计数据的网站,29,47707,37385,37485,114,7,0.86 
百度统计自定义事件,30,42236,39544,39549,115,9,0.95 
网站流量代码,31,41975,25482,25596,70,6,0.70 
百度统计账号,32,41498,38581,38595,122,6,0.94 
百度分析,33,39674,28744,28847,96,4,0.89 
百度访问统计,34,36696,33655,33654,98,6,0.93 
百度统计 新增网站 网站首页,35,36442,22156,22205,83,14,0.62 
百度统计api,36,34647,28974,28962,50,7,0.89 
统计数据的网站,37,34244,23808,24030,45,7,0.81 
百度访问量,38,34147,27501,27528,109,5,0.85 
百度网站统计,39,32876,30383,30389,115,6,0.93 
baidu统计,40,32739,20807,21019,77,7,0.89 
百度统计平台,41,31761,27871,27912,114,6,0.95 
bdtj,42,31388,14862,15052,104,4,0.63 
流量统计,43,31158,25202,25215,107,4,0.85 
百度访问统计,44,31086,20928,21002,58,6,0.77 
百度统计 新增网站 网站首页,45,30987,18877,18907,83,14,0.64 
百度统计文档,46,30539,20003,20139,50,6,0.80 
统计数据的网站,47,30365,21973,21997,117,7,0.77 
zhanzhangtongji,48,29386,22620,22601,85,15,0.81 
数据中台,49,29009,10285,10446,87,4,0.45 
分析云,50,28616,11345,11875,64,3,0.59 
hm.baidu.com,51,27660,25983,25985,67,12,0.95 
baidu tongji,52,26849,18763,18948,44,12,0.82 
统计数据的网站,53,26698,17597,17617,79,7,0.65 
网站点击量统计,54,26466,22563,22606,87,7,0.94 
百度统计自定义事件,55,26307,17194,17205,79,9,0.65 
百度流量,56,25792,17144,17264,46,4,0.80 
百度分析,57,25313,14309,14398,94,4,0.78 
tongji,58,25306,7206,7264,220,6,0.04 
百度统计,59,25286,5227,5242,224,4,0.25 
百度统计怎么使用,60,24588,20988,20992,108,8,0.90 
网站统计工具,61,23777,20331,20334,120,6,0.89 
网站访问统计,62,23594,10707,10755,82,6,0.58 
主页,63,23531,14877,14940,82,2,0.70 
百度 统计,64,23244,15061,15078,197,5,0.72 
百度网站流量统计,65,23118,12889,12975,79,8,0.82 
网站访问量统计,66,22986,14679,14765,84,7,0.90 
百度数据埋点,67,22771,14078,14119,66,6,0.84 
百度统计怎么使用,68,22447,20477,20479,116,8,0.93 
百度流量,69,22155,20957,20953,98,4,0.96 
百度统计登录,70,21669,8816,9106,82,6,0.50 
baidu统计,71,21599,14321,14367,47,7,0.80 
百度数据研究中心,72,20955,16608,16650,174,8,0.85 
百度统计器,73,20811,19840,19842,113,5,0.97 
百度趋势,74,19825,16975,16982,97,4,0.89 
baidu_analytics,75,19749,11095,11455,47,15,0.81 
百度网站流量统计,76,19644,17879,17879,122,8,0.92 
tongji,77,19484,12119,12158,85,6,0.70 
百度 统计,78,19464,16792,16811,78,5,0.94 
分析云,79,19461,15903,15938,82,3,0.91 
字数统计,80,19235,17427,17456,44,4,0.94 
流量统计,81,18676,16695,16701,88,4,0.92 
百度统计api,82,18424,10652,10652,65,7,0.67 
百度数据,83,18280,11664,11665,93,4,0.62 
baidu_analytics,84,18050,10669,10744,97,15,0.83 
百度流量监控,85,17778,11995,12031,87,6,0.84 
网站统计,86,16870,9812,9830,65,4,0.74 
百度统计怎么使用,87,16528,14734,14735,106,8,0.91 
字数统计,88,16235,13542,13544,95,4,0.89 
百度统计趋势分析报告推送邮件,89,16149,10914,10946,54,14,0.76 
网站统计代码,90,16102,14715,14719,116,6,0.93 
统计,91,15722,12969,13003,190,2,0.86 
百度访问统计,92,15572,14184,14192,118,6,0.95 
BAIDUTONGJI,93,15480,9478,9479,83,11,0.55 
分析云,94,15473,14153,14160,87,3,0.93 
百度统计登录,95,15444,10106,10158,78,6,0.84 
百度大数据,96,15228,13260,13264,95,5,0.93 
百度统计第三方推广统计,97,15199,8797,8871,75,11,0.67 
百度统计登陆,98,15126,13852,13861,119,6,0.93 
站长流量统计,99,14786,9115,9179,85,6,0.90 
统计,100,14415,9331,9336,73,2,0.62 
百度统计,101,14354,8966,8992,71,4,0.77 
百度统计api,102,14321,11664,11673,120,7,0.87 
数据中台,103,14315,9771,9836,112,4,0.95 
百度数据埋点,104,14210,12921,12923,72,6,0.94 
百度流量监控,105,14061,11782,11793,66,6,0.93 
百度统计平台,106,14002,9075,9114,76,6,0.89 
统计,107,13862,10304,10339,96,2,0.86 
百度流量统计,108,13853,8788,8790,86,6,0.57 
统计百度,109,13788,8279,8287,62,4,0.54 
百度统计文档,110,13722,8828,8828,75,6,0.56 
百度数据统计,111,13552,12168,12168,117,6,0.92 
百度 统计,112,13371,8552,8610,74,5,0.90 
百度数据埋点,113,13363,11787,11794,92,6,0.93 
网站访问分析,114,13076,11629,11627,93,6,0.92 
百度访问量,115,12946,8287,8301,97,5,0.72 
网站流量代码,116,12809,7823,7832,59,6,0.77 
hm.baidu.com,117,12800,7599,7611,66,12,0.65 
百度统计,118,12723,5548,5724,69,4,0.59 
网站流量统计,119,12723,8040,8049,76,6,0.71 
站长流量统计,120,12694,8225,8279,55,6,0.74 
站长统计 网站统计,121,12623,10283,10307,88,9,0.94 
百度数据研究中心,122,12586,5766,5953,69,8,0.75 
百度統計,123,12577,9092,9135,72,4,0.82 
统计代码,124,12281,3879,3952,88,4,0.37 
站长统计,125,12220,8818,8843,40,4,0.80 
百度数据研究中心,126,12016,6883,6958,64,8,0.70 
百度统计自定义事件,127,11993,10656,10659,96,9,0.94 
网站统计工具,128,11887,6514,6542,67,6,0.67 
访问统计,129,11861,8444,8506,85,4,0.85 
主页,130,11831,8893,8933,81,2,0.96 
百度统计 pv,131,11826,7718,7728,88,7,0.71 
实时访客,132,11710,7377,7410,58,4,0.72 
网站流量分析,133,11680,7985,8092,87,6,0.92 
百度统计第三方推广统计,134,11526,8293,8315,47,11,0.81 
网站统计工具,135,11371,10388,10389,104,6,0.94 
访问统计,136,11310,8437,8470,72,4,0.96 
百度统计,137,11275,6861,6861,82,4,0.52 
站长统计 网站统计,138,11261,10164,10164,123,9,0.92 
统计代码,139,11109,7576,7627,43,4,0.78 
网站流量统计,140,11062,6947,6946,56,6,0.50 
百度统计登陆,141,11011,10415,10415,105,6,0.95 
百度统计 新增网站 网站首页,142,10970,8957,8969,175,14,0.86 
baidu tongji,143,10615,8753,8775,94,12,0.93 
数据中台,144,10530,7035,7085,71,4,0.84 
百度统计自定义事件,145,10507,8182,8212,71,9,0.96 
百度 统计,146,10452,8587,8620,163,5,0.87 
统计数据的网站,147,10427,9893,9897,115,7,0.96 
百度数据,148,10382,9275,9278,106,4,0.91 
实时访客,149,10266,9725,9725,107,4,0.95 
百度网站统计,150,10137,9307,9307,120,6,0.93 
baidu tongji,151,10040,5512,5618,74,12,0.69 
网站流量统计,152,10000,7325,7354,43,6,0.81 
百度统计趋势分析报告推送邮件,153,9996,8628,8627,74,14,0.88 
站长流量统计,154,9857,8928,8939,43,6,0.94 
baidu_analytics,155,9835,6114,6324,56,15,0.84 
百度站长统计,156,9804,2699,2711,248,6,0.07 
百度网页统计,157,9787,6709,6737,75,6,0.82 
网站访问量统计,158,9705,7289,7283,171,7,0.81 
百度 统计,159,9664,5552,5614,94,5,0.86 
网站流量代码,160,9628,7251,7263,91,6,0.86 
tongji.baidu.com,161,9615,7594,7617,56,16,0.87 
网站访问统计,162,9569,8561,8563,115,6,0.92 
百度统计工具,163,9481,8513,8515,67,6,0.93 
BAIDUTONGJI,164,9418,7353,7388,113,11,0.87 
百度统计 新增网站 网站首页,165,9386,5841,5855,90,14,0.68 
百度统计代码,166,9310,7877,7915,125,6,0.94 
百度统计官网,167,9308,7472,7506,89,6,0.93 
百度统计,168,9260,7455,7460,84,4,0.90 
bdtj,169,9179,8369,8369,117,4,0.94 
百度统计工具,170,9175,7501,7522,153,6,0.86 
百度流量监控,171,9145,8731,8728,21,6,0.97 
tongji,172,9129,8544,8545,112,6,0.96 
百度统计api,173,9064,5884,5900,109,7,0.77 
百度统计,174,9024,5804,5802,69,4,0.56 
网站流量统计 代码,175,8930,6889,6900,88,9,0.87 
百度统计登陆,176,8784,8331,8333,113,6,0.96 
百度统计子目录管理,177,8690,6769,6778,149,9,0.82 
BAIDUTONGJI,178,8684,6380,6373,55,11,0.82 
访问统计,179,8681,4671,4711,87,4,0.67 
百度统计 新增网站 网站首页,180,8601,5980,5985,82,14,0.69 
百度 统计,181,8583,6884,6911,97,5,0.92 
百度统计,182,8575,6675,6700,180,4,0.81 
站长统计,183,8525,7964,7965,116,4,0.94 
百度数据埋点,184,8466,5999,6009,82,6,0.81 
百度统计代码,185,8450,6474,6472,74,6,0.87 
百度统计账号,186,8406,6866,6864,79,6,0.84 
百度统计平台,187,8381,5214,5255,111,6,0.88 
统计,188,8374,6079,6104,43,2,0.84 
百度统计登陆,189,8295,6846,6845,86,6,0.90 
百度访问量,190,8204,5882,5898,112,5,0.79 
百度排名系统,191,8155,2915,2924,98,6,0.19 
网站数据,192,8148,6326,6376,91,4,0.91 
百度流量统计,193,8132,7011,7022,167,6,0.88 
网站流量分析,194,8124,5040,5050,53,6,0.79 
主页,195,8092,6850,6877,132,2,0.88 
主页,196,7983,6225,6230,108,2,0.85 
网站访问分析,197,7923,4035,4034,87,6,0.63 
百度网页统计,198,7821,6159,6196,105,6,0.92 
百度站长统计,199,7796,6612,6623,85,6,0.94 
实时访客,200,7639,5515,5529,89,4,0.85 
网站流量统计 代码,201,7630,4611,4619,54,9,0.77 
百度统计(站长版),202,7620,6981,6982,126,9,0.93 
数据统计,203,7478,5288,5294,107,4,0.76 
网站访问统计,204,7443,6759,6760,124,6,0.92 
站长流量统计,205,7425,6356,6364,62,6,0.94 
数据中台,206,7365,6898,6903,31,4,0.96 
百度流量统计,207,7357,3702,3712,77,6,0.45 
站长统计,208,7356,5204,5246,76,4,0.91 
数据中台,209,7330,5067,5101,79,4,0.82 
bdtj,210,7307,4925,4962,93,4,0.86 
百度统计器,211,7163,2083,2095,251,5,0.05 
百度云,212,7163,5341,5344,101,3,0.84 
网站统计代码,213,7119,6330,6333,72,6,0.92 
百度站点统计,214,7095,6690,6692,110,6,0.97 
百度统计在线报表,215,7087,4554,4555,74,8,0.62 
baidu tongji,216,7083,5478,5480,89,12,0.86 
百度云,217,7025,6443,6445,124,3,0.93 
网站速度诊断,218,7019,4758,4836,51,6,0.84 
baidu tongji,219,6977,6462,6466,103,12,0.94 
百度流量监控,220,6952,5415,5419,77,6,0.87 
网站流量统计,221,6943,6614,6612,105,6,0.96 
百度云,222,6937,4754,4834,67,3,0.87 
百度站点统计,223,6855,4905,4912,73,6,0.83 
百度分析,224,6842,6519,6520,112,4,0.97 
网站流量代码,225,6841,6054,6068,121,6,0.95 
网站数据,226,6772,6145,6147,119,4,0.92 
站长流量统计,227,6701,4836,4837,75,6,0.82 
网站流量分析,228,6639,5741,5744,124,6,0.89 
百度数据统计,229,6636,5566,5579,90,6,0.95 
网站速度诊断,230,6629,5755,5759,121,6,0.89 
实时访客,231,6622,4725,4743,94,4,0.85 
网站流量统计分析,232,6620,4881,4893,42,8,0.82 
百度统计趋势分析报告推送邮件,233,6605,5552,5559,116,14,0.91 
百度数据分析,234,6581,4075,4093,76,6,0.80 
百度云,235,6557,5968,5972,116,3,0.97 
网站数据,236,6524,5325,5330,67,4,0.91 
统计,237,6465,4513,4535,126,2,0.86 
站长统计,238,6464,6082,6082,112,4,0.95 
tongji,239,6462,3511,3516,62,6,0.50 
百度网站统计,240,6419,4639,4655,111,6,0.87 
百度统计,241,6413,4376,4433,41,4,0.76 
百度数据统计,242,6372,4161,4179,88,6,0.75 
百度统计 新增网站 网站首页,243,6315,4310,4310,86,14,0.80 
百度数据研究中心,244,6309,4359,4376,110,8,0.93 
百度统计自定义事件,245,6231,2570,2618,191,9,0.57 
百度统计登录,246,6177,5181,5209,166,6,0.87 
百度统计怎么使用,247,6112,5533,5533,113,8,0.93 
baidu tongji,248,6100,4954,4954,113,12,0.85 
站长流量统计,249,6097,5407,5406,75,6,0.93 
百度统计自定义事件,250,5822,3455,3461,55,9,0.72 
网站流量统计,251,5795,5473,5473,52,6,0.96 
分析云,252,5779,3405,3405,65,3,0.47 
流量统计,253,5741,5188,5199,67,4,0.95 
bdtj,254,5733,3767,3776,65,4,0.75 
百度統計,255,5717,4560,4567,103,4,0.85 
百度统计文档,256,5713,4717,4721,169,6,0.86 
网站点击量统计,257,5711,4301,4300,96,7,0.79 
baidu统计,258,5655,3949,3984,44,7,0.82 
百度排名系统,259,5651,4367,4389,46,6,0.87 
实时访客,260,5650,4729,4736,160,4,0.86 
百度流量,261,5629,3951,3966,94,4,0.84 
百度统计登录,262,5599,3510,3511,78,6,0.51 
网站流量统计 代码,263,5587,2893,2896,88,9,0.51 
百度统计子目录管理,264,5582,4574,4575,94,9,0.87 
百度大数据,265,5540,2364,2372,96,5,0.37 
bdtj,266,5536,5244,5244,117,4,0.97 
百度统计在线报表,267,5522,4385,4390,119,8,0.84 
数据统计,268,5491,3239,3239,51,4,0.72 
站长统计 网站统计,269,5476,3145,3170,55,9,0.70 
数据统计,270,5466,5112,5113,31,4,0.96 
主页,271,5447,4415,4419,66,2,0.90 
百度统计怎么使用,272,5446,3469,3496,107,8,0.87 
百度统计登录,273,5435,4450,4454,120,6,0.88 
网站统计代码,274,5418,4593,4597,103,6,0.92 
网站访问量统计,275,5415,3554,3553,66,7,0.58 
统计百度,276,5390,3174,3201,66,4,0.78 
百度大数据,277,5383,3547,3542,65,5,0.74 
百度统计登陆,278,5379,4086,4097,81,6,0.86 
tongji,279,5369,3847,3851,81,6,0.84 
百度流量,280,5364,3052,3183,45,4,0.81 
百度数据埋点,281,5361,4776,4781,83,6,0.94 
百度流量,282,5353,1529,1532,257,4,0.05 
百度统计第三方推广统计,283,5351,3868,3876,81,11,0.82 
网站统计代码,284,5328,3820,3824,82,6,0.79 
站长流量统计,285,5292,2859,2893,79,6,0.68 
百度统计(站长版),286,5265,4433,4436,93,9,0.91 
百度数据埋点,287,5231,4673,4673,63,6,0.93 
百度流量,288,5229,4924,4923,105,4,0.96 
分析云,289,5215,2795,2839,54,3,0.70 
BAIDUTONGJI,290,5196,4861,4861,119,11,0.94 
百度访问量,291,5175,3201,3201,71,5,0.54 
访问统计,292,5172,3100,3173,70,4,0.78 
百度统计账号,293,5165,4290,4298,171,6,0.87 
百度流量,294,5144,4115,4121,107,4,0.87 
网站速度诊断,295,5143,3956,3974,83,6,0.87 
百度统计 新增网站 网站首页,296,5127,4857,4857,116,14,0.96 
百度统计平台,297,5104,4790,4790,117,6,0.95 
百度统计api,298,5102,4195,4222,100,7,0.90 
百度统计自定义事件,299,5101,1095,1096,288,9,0.30 
百度站长统计,300,5038,3670,3676,78,6,0.89 
百度统计趋势分析报告推送邮件,301,5018,4262,4264,116,14,0.91 
百度统计,302,5009,2883,2884,83,4,0.48 
百度统计账号,303,5007,3212,3233,70,6,0.73 
百度統計,304,4974,2830,2830,64,4,0.47 
网站统计工具,305,4968,3200,3214,64,6,0.73 
百度统计代码,306,4947,2162,2233,89,6,0.49 
百度访问量,307,4942,3956,3966,164,5,0.83 
百度流量统计,308,4940,2623,2672,63,6,0.68 
bdtj,309,4935,4696,4699,116,4,0.97 
百度云,310,4914,3977,3984,74,3,0.94 
网站访问分析,311,4886,2983,3014,66,6,0.78 
统计代码,312,4876,4075,4079,99,4,0.90 
百度 统计,313,4865,3660,3672,87,5,0.90 
tongji,314,4855,4523,4527,122,6,0.94 
网站流量分析,315,4840,3229,3233,87,6,0.74 
百度统计登录,316,4837,3019,3050,92,6,0.71 
百度统计趋势分析报告推送邮件,317,4823,772,776,761,14,0.19 
网站访问量统计,318,4788,3041,3042,91,7,0.56 
百度网站流量统计,319,4778,4063,4066,118,8,0.88 
网站数据,320,4772,4545,4543,29,4,0.97 
网站流量统计分析,321,4770,2258,2261,99,8,0.48 
百度统计(站长版),322,4741,2756,2780,76,9,0.74 
百度统计登陆,323,4730,4310,4311,114,6,0.95 
百度数据研究中心,324,4728,4255,4258,116,8,0.95 
百度统计自定义事件,325,4725,3934,3941,66,9,0.91 
统计代码,326,4712,4426,4428,110,4,0.97 
百度数据分析,327,4684,2941,2975,60,6,0.78 
_hmt.push,328,4670,2675,2697,67,9,0.68 
百度云,329,4658,3408,3424,114,3,0.93 
站长流量统计,330,4645,2210,2211,77,6,0.60 
站长流量统计,331,4641,3922,3922,77,6,0.92 
网站流量统计,332,4603,3994,3997,108,6,0.89 
网站统计工具,333,4582,3988,3992,115,6,0.93 
网站流量分析,334,4576,2709,2711,64,6,0.46 
百度数据统计,335,4552,2216,2218,94,6,0.46 
百度统计 新增网站 网站首页,336,4541,3471,3480,74,14,0.87 
网站访问分析,337,4521,2578,2609,53,6,0.72 
百度统计代码,338,4521,1878,1910,77,6,0.49 
百度统计子目录管理,339,4515,2871,2867,64,9,0.60 
百度统计官网,340,4513,2559,2570,59,6,0.65 
网站流量统计分析,341,4495,3339,3339,99,8,0.74 
网站流量代码,342,4465,2447,2461,72,6,0.63 
百度站长统计,343,4459,4057,4058,96,6,0.92 
百度统计登陆,344,4450,3337,3345,75,6,0.87 
网站统计,345,4432,2367,2405,64,4,0.83 
baidu_analytics,346,4424,2113,2107,49,15,0.38 
百度统计,347,4420,3061,3066,112,4,0.77 
百度趋势,348,4412,2954,2966,56,4,0.75 
数据中台,349,4411,2723,2748,92,4,0.79 
百度流量,350,4390,3919,3921,103,4,0.92 
tongji,351,4389,2820,2822,83,6,0.57 
百度统计趋势分析报告推送邮件,352,4372,4088,4088,119,14,0.94 
百度统计登陆,353,4353,4015,4015,113,6,0.94 
bdtj,354,4345,3897,3908,42,4,0.93 
百度流量统计,355,4328,2586,2638,81,6,0.82 
分析云,356,4281,3037,3036,64,3,0.72 
实时访客,357,4268,3018,3024,41,4,0.87 
百度数据分析,358,4238,3948,3948,59,6,0.96 
百度统计在线报表,359,4222,3507,3521,96,8,0.96 
网站流量统计 代码,360,4213,2382,2386,63,9,0.68 
百度统计平台,361,4209,3506,3508,125,6,0.85 
网站速度诊断,362,4203,3625,3626,102,6,0.90 
百度访问统计,363,4199,3242,3242,61,6,0.85 
统计,364,4196,3087,3093,103,2,0.90 
百度统计自定义事件,365,4194,2493,2491,78,9,0.60 
_hmt.push,366,4161,3860,3862,104,9,0.95 
百度数据,367,4096,2555,2555,85,4,0.56 
统计数据的网站,368,4049,1224,1233,221,7,0.18 
百度趋势,369,4040,2247,2250,80,4,0.65 
百度统计第三方推广统计,370,4040,3162,3163,117,11,0.84 
百度统计自定义事件,371,3989,3544,3547,66,9,0.94 
BAIDUTONGJI,372,3981,2993,2997,75,11,0.83 
百度 统计,373,3977,2477,2477,58,5,0.54 
百度数据统计,374,3960,3289,3287,92,6,0.93 
hm.baidu.com,375,3955,2690,2695,71,12,0.78 
百度统计第三方推广统计,376,3952,3619,3622,83,11,0.95 
百度趋势,377,3949,3165,3168,158,4,0.84 
百度統計,378,3938,3751,3752,115,4,0.97 
百度统计子目录管理,379,3935,3092,3093,79,9,0.82 
网站访问统计,380,3930,3541,3558,39,6,0.93 
百度数据,381,3920,3434,3433,41,4,0.91 
网站流量统计 代码,382,3916,3407,3414,116,9,0.95 
网站流量代码,383,3915,3028,3028,102,6,0.82 
百度统计官网,384,3904,3015,3017,103,6,0.79 
百度统计怎么使用,385,3900,2136,2147,66,8,0.46 
统计代码,386,3896,3003,3010,64,4,0.88 
百度 统计,387,3888,1582,1644,78,5,0.55 
百度流量,388,3885,3633,3633,110,4,0.95 
数据中台,389,3881,3391,3392,111,4,0.89 
百度大数据,390,3877,3074,3092,169,5,0.86 
网站速度诊断,391,3870,3031,3042,75,6,0.88 
流量统计,392,3853,3351,3352,113,4,0.89 
百度大数据,393,3845,2318,2356,57,5,0.77 
网站统计代码,394,3821,3439,3447,74,6,0.92 
实时访客,395,3819,3489,3489,117,4,0.93 
百度网站流量统计,396,3802,2527,2535,71,8,0.71 
百度数据埋点,397,3800,3669,3669,112,6,0.97 
百度统计登陆,398,3795,2534,2544,114,6,0.83 
网站速度诊断,399,3779,2349,2365,73,6,0.85 
百度统计自定义事件,400,3779,2946,2962,112,9,0.96 
网站统计工具,401,3760,1929,1947,102,6,0.62 
网站统计代码,402,3739,2816,2832,114,6,0.97 
BAIDUTONGJI,403,3731,2535,2523,70,11,0.72 
网站访问量统计,404,3715,3390,3393,121,7,0.98 
百度大数据,405,3711,2497,2504,74,5,0.78 
统计代码,406,3710,2709,2716,74,4,0.95 
百度站点统计,407,3702,2975,2986,159,6,0.85 
百度数据分析工具,408,3702,3225,3225,119,8,0.88 
实时访客,409,3700,977,987,344,4,0.03 
网站流量统计分析,410,3700,3475,3475,117,8,0.95 
统计百度,411,3698,2947,2960,93,4,0.91 
百度统计在线报表,412,3686,3147,3145,68,8,0.88 
网站流量代码,413,3678,2894,2902,69,6,0.82 
网站统计工具,414,3667,2769,2778,91,6,0.87 
百度统计工具,415,3666,2770,2783,106,6,0.93 
百度统计工具,416,3662,3001,3010,176,6,0.86 
百度 统计,417,3640,3338,3337,74,5,0.96 
百度统计(站长版),418,3625,2725,2749,73,9,0.86 
站长统计,419,3613,3003,3019,55,4,0.94 
网站统计,420,3608,2547,2583,80,4,0.89 
百度流量监控,421,3607,3073,3072,110,6,0.89 
网站数据,422,3603,2651,2670,80,4,0.95 
网站访问量统计,423,3600,2734,2734,59,7,0.79 
百度统计官网,424,3591,3067,3075,163,6,0.88 
百度统计,425,3590,3151,3152,114,4,0.92 
tongji,426,3585,2196,2196,82,6,0.51 
百度排名系统,427,3568,2171,2169,76,6,0.71 
网站流量统计 代码,428,3543,3383,3384,113,9,0.96 
百度统计在线报表,429,3536,2281,2282,79,8,0.54 
百度站点统计,430,3533,1167,1167,105,6,0.07 
网站统计工具,431,3517,3163,3161,41,6,0.92 
数据中台,432,3515,2284,2296,97,4,0.77 
百度数据分析,433,3496,2238,2220,50,6,0.67 
tongji,434,3496,2190,2191,65,6,0.53 
bdtj,435,3483,3089,3088,80,4,0.92 
百度统计官网,436,3477,2750,2759,165,6,0.86 
网站流量统计,437,3471,2366,2386,79,6,0.85 
百度统计代码,438,3459,2408,2412,97,6,0.87 
百度统计文档,439,3457,3072,3071,91,6,0.94 
百度站长统计,440,3437,2828,2849,67,6,0.94 
百度统计官网,441,3433,3084,3085,115,6,0.98 
百度流量,442,3423,2962,2965,97,4,0.94 
统计数据的网站,443,3421,3300,3300,111,7,0.97 
数据中台,444,3388,3076,3078,101,4,0.94 
百度统计 pv,445,3385,3123,3122,105,7,0.95 
百度统计登陆,446,3385,3110,3110,98,6,0.94 
百度统计趋势分析报告推送邮件,447,3383,3183,3183,40,14,0.95 
统计百度,448,3382,3205,3205,115,4,0.95 
tongji,449,3381,1866,1947,44,6,0.78 
网站流量分析,450,3380,3226,3226,113,6,0.96 
百度云,451,3337,2920,2920,116,3,0.90 
百度排名系统,452,3335,2821,2823,101,6,0.93 
百度排名系统,453,3326,2177,2178,93,6,0.61 
tongji,454,3325,2256,2258,53,6,0.77 
baidu统计,455,3323,2744,2746,109,7,0.90 
百度趋势,456,3323,1812,1845,68,4,0.80 
百度统计自定义事件,457,3311,2235,2244,56,9,0.77 
百度统计代码,458,3310,2857,2865,74,6,0.93 
tongji,459,3305,3254,3254,119,6,0.99 
百度流量统计,460,3290,3000,3003,115,6,0.95 
百度统计平台,461,3280,2490,2495,159,6,0.79 
百度数据统计,462,3271,1850,1880,76,6,0.80 
百度大数据,463,3260,2657,2661,121,5,0.88 
站长统计,464,3252,2392,2400,76,4,0.85 
hm.baidu.com,465,3250,2499,2498,58,12,0.84 
百度统计 pv,466,3239,1573,1597,69,7,0.57 
网站访问统计,467,3213,1939,1949,87,6,0.83 
网站访问统计,468,3209,1212,1215,73,6,0.51 
baidu统计,469,3200,3063,3063,119,7,0.96 
百度统计 新增网站 网站首页,470,3187,2344,2369,78,14,0.89 
百度网页统计,471,3186,2140,2150,101,6,0.87 
网站数据,472,3184,1970,1973,65,4,0.67 
百度数据,473,3179,2163,2170,100,4,0.83 
baidu统计,474,3174,2320,2323,43,7,0.81 
网站统计,475,3172,2543,2543,69,4,0.90 
百度统计登录,476,3165,2264,2337,38,6,0.92 
站长统计 网站统计,477,3162,2391,2394,63,9,0.85 
百度统计子目录管理,478,3159,2175,2176,78,9,0.68 
百度统计账号,479,3157,1768,1771,67,6,0.51 
统计代码,480,3153,1554,1555,71,4,0.58 
网站访问分析,481,3136,2639,2645,162,6,0.87 
百度分析,482,3134,2266,2266,76,4,0.80 
分析云,483,3131,976,982,249,3,0.30 
网站流量统计 代码,484,3122,1928,1932,87,9,0.61 
_hmt.push,485,3115,2745,2745,109,9,0.91 
网站访问量统计,486,3109,2814,2814,108,7,0.93 
站长流量统计,487,3100,1930,1943,81,6,0.78 
网站点击量统计,488,3096,1794,1835,59,7,0.76 
tongji.baidu.com,489,3095,2310,2336,60,16,0.87 
bdtj,490,3085,2202,2217,65,4,0.82 
hm.baidu.com,491,3075,2447,2464,168,12,0.82 
百度统计 新增网站 网站首页,492,3068,2680,2684,103,14,0.93 
百度数据埋点,493,3064,1982,1992,141,6,0.76 
字数统计,494,3044,1932,1934,63,4,0.76 
百度大数据,495,3041,1215,1248,147,5,0.23 
百度统计工具,496,3035,1795,1795,97,6,0.68 
百度云,497,3032,2699,2708,39,3,0.91 
百度统计登陆,498,3030,1379,1390,90,6,0.70 
百度网页统计,499,3030,1721,1724,77,6,0.66 
百度统计登陆,500,3029,2421,2426,89,6,0.90 
百度统计代码,501,3024,2077,2087,89,6,0.85 
zhanzhangtongji,502,3016,805,813,225,15,0.11 
数据统计,503,2998,2268,2309,78,4,0.92 
百度网页统计,504,2994,2334,2346,68,6,0.96 
实时访客,505,2985,2811,2810,105,4,0.95 
BAIDUTONGJI,506,2982,2622,2629,116,11,0.98 
百度访问统计,507,2974,2521,2523,129,6,0.87 
百度统计官网,508,2973,2295,2299,71,6,0.86 
网站统计代码,509,2957,2643,2643,120,6,0.91 
流量统计,510,2952,2648,2648,75,4,0.94 
tongji.baidu.com,511,2942,2672,2674,121,16,0.97 
hm.baidu.com,512,2928,2523,2525,76,12,0.93 
百度数据分析,513,2918,2314,2314,107,6,0.84 
百度趋势,514,2914,1671,1676,63,4,0.61 
百度数据分析工具,515,2912,2691,2691,37,8,0.95 
百度统计登陆,516,2899,2555,2556,118,6,0.97 
数据统计,517,2893,2042,2085,65,4,0.82 
zhanzhangtongji,518,2889,2426,2427,71,15,0.88 
百度访问统计,519,2874,1187,1191,241,6,0.48 
网站统计工具,520,2865,2185,2181,73,6,0.88 
百度统计平台,521,2857,2596,2596,100,6,0.92 
统计数据的网站,522,2853,2655,2661,36,7,0.95 
百度统计子目录管理,523,2852,2440,2444,131,9,0.88 
百度数据埋点,524,2843,2605,2606,91,6,0.94 
百度数据埋点,525,2828,1973,1968,63,6,0.81 
百度统计第三方推广统计,526,2821,2564,2567,120,11,0.98 
百度流量统计,527,2820,1510,1514,70,6,0.46 
字数统计,528,2819,1706,1708,79,4,0.55 
网站统计工具,529,2812,2123,2125,75,6,0.86 
网站流量分析,530,2811,2541,2545,79,6,0.94 
baidu_analytics,531,2810,2407,2405,78,15,0.89 
网站流量统计 代码,532,2809,2527,2531,95,9,0.96 
百度统计(站长版),533,2808,2301,2304,153,9,0.87 
网站统计工具,534,2805,2363,2365,86,6,0.90 
访问统计,535,2799,1747,1747,82,4,0.58 
bdtj,536,2794,1497,1506,104,4,0.88 
百度统计,537,2788,2032,2038,97,4,0.88 
网站数据,538,2788,1851,1861,57,4,0.76 
分析云,539,2786,2648,2648,123,3,0.96 
百度统计登录,540,2786,2448,2447,80,6,0.95 
统计百度,541,2785,2590,2590,115,4,0.93 
百度站点统计,542,2779,2091,2099,196,6,0.78 
百度网页统计,543,2775,2164,2171,208,6,0.85 
百度统计自定义事件,544,2772,2420,2433,35,9,0.90 
百度云,545,2759,1950,1954,93,3,0.79 
hm.baidu.com,546,2755,2185,2191,74,12,0.97 
网站统计代码,547,2743,2296,2296,100,6,0.88 
百度流量统计,548,2742,2207,2213,132,6,0.85 
数据统计,549,2738,1809,1824,96,4,0.87 
站长统计,550,2729,2569,2569,109,4,0.95 
百度站长统计,551,2728,1731,1742,52,6,0.74 
站长统计,552,2724,2559,2559,113,4,0.95 
网站流量统计 代码,553,2721,2275,2283,155,9,0.89 
百度统计,554,2716,1456,1469,86,4,0.91 
百度统计账号,555,2706,2325,2335,160,6,0.89 
数据统计,556,2696,1846,1854,84,4,0.85 
tongji.baidu.com,557,2689,2098,2105,75,16,0.96 
百度大数据,558,2685,1778,1787,60,5,0.76 
网站访问统计,559,2674,2556,2556,113,6,0.97 
网站访问统计,560,2664,2024,2027,38,6,0.83 
百度统计开放平台,561,2663,2251,2252,72,8,0.92 
站长统计,562,2661,1533,1578,65,4,0.75 
百度统计器,563,2659,2308,2311,95,5,0.94 
百度数据,564,2657,2239,2243,115,4,0.91 
百度统计登陆,565,2654,2264,2263,104,6,0.90 
百度统计api,566,2645,2490,2490,93,7,0.96 
网站统计,567,2641,2013,2021,62,4,0.88 
网站流量统计 代码,568,2637,1707,1710,68,9,0.82 
网站访问统计,569,2634,2241,2244,88,6,0.94 
百度统计登陆,570,2633,2192,2208,66,6,0.95 
百度数据埋点,571,2632,2323,2325,44,6,0.92 
百度网页统计,572,2628,1612,1612,69,6,0.68 
实时访客,573,2624,1569,1575,74,4,0.71 
hm.baidu.com,574,2620,2336,2340,112,12,0.95 
百度统计账号,575,2619,2073,2077,52,6,0.83 
站长统计 网站统计,576,2613,2324,2330,65,9,0.93 
网站速度诊断,577,2612,2150,2158,136,6,0.87 
百度趋势,578,2610,1718,1754,58,4,0.85 
百度趋势,579,2604,2430,2431,126,4,0.94 
统计百度,580,2593,1833,1835,110,4,0.80 
百度统计趋势分析报告推送邮件,581,2589,2451,2451,113,14,0.96 
字数统计,582,2585,1539,1551,77,4,0.66 
百度统计自定义事件,583,2584,2060,2064,72,9,0.92 
百度流量统计,584,2582,1953,1954,127,6,0.84 
分析云,585,2582,2265,2265,92,3,0.93 
统计,586,2577,1633,1634,48,2,0.51 
百度统计平台,587,2569,2212,2214,34,6,0.90 
网站访问统计,588,2562,1878,1883,51,6,0.86 
站长统计,589,2562,2190,2191,113,4,0.92 
百度统计api,590,2558,2052,2054,131,7,0.85 
百度访问量,591,2557,2356,2361,59,5,0.93 
tongji,592,2556,2189,2195,143,6,0.89 
百度数据埋点,593,2555,1694,1699,82,6,0.80 
百度统计 新增网站 网站首页,594,2542,2236,2236,101,14,0.93 
百度统计 pv,595,2542,2368,2368,112,7,0.94 
百度統計,596,2538,1785,1785,67,4,0.79 
bdtj,597,2505,2300,2301,91,4,0.93 
百度统计登陆,598,2488,1695,1701,87,6,0.81 
分析云,599,2485,2118,2120,117,3,0.92 
百度统计平台,600,2484,987,989,217,6,0.54 
BAIDUTONGJI,601,2473,2050,2058,169,11,0.87 
数据中台,602,2468,1500,1500,88,4,0.63 
网站流量统计分析,603,2466,1856,1859,103,8,0.85 
tongji.baidu.com,604,2453,1442,1447,76,16,0.65 
百度流量监控,605,2451,2233,2233,33,6,0.94 
百度流量统计,606,2450,2117,2117,117,6,0.90 
百度网站流量统计,607,2450,1373,1373,72,8,0.45 
百度网站流量统计,608,2447,2027,2027,65,8,0.89 
网站统计,609,2437,2326,2326,114,4,0.96 
百度大数据,610,2437,1985,1992,88,5,0.87 
百度排名系统,611,2431,941,946,76,6,0.42 
百度统计api,612,2422,1808,1810,75,7,0.88 
百度 统计,613,2412,2014,2015,101,5,0.88 
网站流量代码,614,2412,1611,1614,57,6,0.88 
数据统计,615,2411,1886,1883,175,4,0.82 
网站流量统计,616,2404,1620,1631,49,6,0.79 
统计百度,617,2400,1855,1862,71,4,0.95 
百度统计子目录管理,618,2398,2049,2060,163,9,0.89 
百度统计文档,619,2398,2033,2034,81,6,0.91 
网站统计,620,2391,2159,2160,94,4,0.95 
统计百度,621,2390,1951,1949,148,4,0.87 
网站统计工具,622,2383,1520,1531,81,6,0.79 
百度统计代码,623,2380,1222,1238,53,6,0.55 
站长统计 网站统计,624,2373,1776,1785,89,9,0.85 
百度趋势,625,2364,1453,1456,62,4,0.72 
网站统计,626,2357,2201,2201,116,4,0.94 
百度统计在线报表,627,2355,1524,1528,54,8,0.75 
网站流量代码,628,2350,1519,1522,83,6,0.71 
baidu统计,629,2343,1728,1733,70,7,0.86 
百度数据研究中心,630,2340,1841,1843,133,8,0.85 
baidu tongji,631,2340,1653,1653,95,12,0.78 
baidu_analytics,632,2335,314,315,400,15,0.17 
百度站长统计,633,2334,1798,1815,91,6,0.90 
百度数据分析,634,2331,1426,1439,77,6,0.68 
站长统计 网站统计,635,2330,1431,1431,69,9,0.84 
网站流量统计 代码,636,2329,1978,1979,100,9,0.90 
百度站长统计,637,2327,2083,2083,113,6,0.94 
百度统计 新增网站 网站首页,638,2315,1922,1922,73,14,0.88 
百度统计api,639,2314,776,782,90,7,0.47 
hm.baidu.com,640,2308,2238,2239,126,12,0.98 
百度流量监控,641,2298,1896,1897,166,6,0.86 
网站流量统计,642,2295,1781,1786,111,6,0.96 
网站数据,643,2288,1667,1674,89,4,0.94 
baidu统计,644,2286,1793,1795,118,7,0.84 
百度云,645,2284,1932,1933,91,3,0.89 
百度统计账号,646,2282,2224,2224,110,6,0.98 
百度访问量,647,2282,1345,1351,80,5,0.91 
网站访问量统计,648,2281,1912,1914,46,7,0.87 
百度统计代码,649,2276,2003,2008,89,6,0.95 
百度数据统计,650,2272,988,989,87,6,0.50 
网站数据,651,2270,1818,1819,45,4,0.89 
百度统计api,652,2268,2209,2209,113,7,0.98 
网站流量代码,653,2259,1357,1376,92,6,0.90 
访问统计,654,2252,1792,1800,101,4,0.89 
hm.baidu.com,655,2246,1696,1700,113,12,0.92 
百度网页统计,656,2245,1646,1646,76,6,0.77 
实时访客,657,2237,1891,1893,116,4,0.93 
百度统计,658,2213,1497,1530,87,4,0.86 
百度数据统计,659,2208,1696,1708,109,6,0.93 
百度统计怎么使用,660,2208,1663,1665,186,8,0.79 
网站访问统计,661,2206,772,793,106,6,0.30 
网站数据,662,2198,2049,2052,109,4,0.96 
百度统计子目录管理,663,2198,1824,1825,78,9,0.85 
数据中台,664,2187,1598,1598,87,4,0.86 
BAIDUTONGJI,665,2185,1066,1066,59,11,0.40 
字数统计,666,2185,995,1005,66,4,0.61 
百度流量,667,2179,1924,1925,101,4,0.92 
百度统计账号,668,2179,1625,1625,102,6,0.83 
百度数据,669,2177,1574,1581,114,4,0.86 
百度统计(站长版),670,2176,1777,1778,157,9,0.88 
百度数据统计,671,2174,1875,1876,76,6,0.97 
BAIDUTONGJI,672,2174,1543,1546,77,11,0.82 
tongji.baidu.com,673,2173,1899,1900,114,16,0.96 
百度数据研究中心,674,2172,1413,1414,49,8,0.78 
百度统计登陆,675,2169,1686,1694,76,6,0.92 
baidu tongji,676,2165,1707,1707,98,12,0.86 
百度分析,677,2157,1011,1040,68,4,0.65 
百度大数据,678,2157,731,742,167,5,0.11 
百度統計,679,2156,1820,1821,80,4,0.90 
百度网站流量统计,680,1,1,1,120,8,1.00 
百度网站流量统计,681,2154,252,253,758,8,0.14 
访问统计,682,2152,1519,1534,74,4,0.86 
百度统计工具,683,2149,2058,2058,41,6,0.97 
百度统计登录,684,2148,1999,2000,72,6,0.95 
流量统计,685,2140,1374,1377,75,4,0.76 
百度统计器,686,2133,1480,1479,87,5,0.82 
百度站长统计,687,2127,1668,1670,115,6,0.85 
流量统计,688,2125,1374,1382,77,4,0.83 
网站访问分析,689,2124,1330,1335,61,6,0.74 
百度统计官网,690,2119,1808,1812,128,6,0.87 
百度数据分析工具,691,2112,1605,1609,94,8,0.86 
百度排名系统,692,2111,1421,1426,86,6,0.73 
百度流量统计,693,2108,1940,1943,91,6,0.95 
百度统计在线报表,694,2106,1948,1948,116,8,0.94 
百度数据分析,695,2106,1674,1686,68,6,0.89 
百度站长统计,696,2105,1940,1938,75,6,0.93 
实时访客,697,2104,772,773,181,4,0.31 
百度统计登陆,698,2104,1691,1692,141,6,0.84 
百度大数据,699,2101,1470,1495,76,5,0.85 
百度访问量,700,2100,1778,1779,84,5,0.86 
百度网站流量统计,701,2096,1789,1789,110,8,0.88 
统计百度,702,2094,1565,1566,98,4,0.81 
_hmt.push,703,2093,1789,1790,129,9,0.88 
百度统计代码,704,2081,1258,1258,74,6,0.54 
baidu统计,705,2074,1483,1489,87,7,0.84 
百度统计平台,706,2070,1773,1776,88,6,0.92 
站长统计,707,2069,1771,1771,125,4,0.86 
网站流量统计 代码,708,2065,1773,1772,98,9,0.88 
百度统计 pv,709,2062,1158,1158,69,7,0.46 
统计代码,710,2058,1891,1894,72,4,0.95 
百度流量,711,2057,1830,1834,114,4,0.98 
百度数据分析,712,2053,1679,1684,125,6,0.88 
百度数据分析,713,2049,1069,1077,97,6,0.66 
百度统计文档,714,2044,1918,1921,118,6,0.96 
百度数据研究中心,715,2028,1920,1920,79,8,0.97 
百度统计平台,716,2021,1660,1661,50,6,0.87 
baidu统计,717,2020,1628,1628,101,7,0.85 
字数统计,718,2019,1287,1288,92,4,0.83 
百度流量,719,2016,1907,1908,108,4,0.95 
tongji,720,2015,1777,1782,38,6,0.91 
hm.baidu.com,721,2011,1101,1104,69,12,0.40 
主页,722,2004,1768,1768,83,2,0.93 
百度统计器,723,2004,1832,1836,96,5,0.97 
实时访客,724,2000,1666,1667,82,4,0.90 
百度访问量,725,1999,1071,1073,78,5,0.56 
tongji.baidu.com,726,1997,1948,1950,118,16,0.98 
百度统计(站长版),727,1994,1800,1799,108,9,0.93 
统计,728,1984,1082,1083,62,2,0.40 
百度访问统计,729,1979,1456,1473,84,6,0.91 
百度网站统计,730,1977,1742,1743,83,6,0.95 
百度统计登陆,731,1973,1683,1683,114,6,0.91 
百度排名系统,732,1970,1818,1818,96,6,0.94 
百度统计怎么使用,733,1967,1428,1434,98,8,0.88 
百度排名系统,734,1964,283,291,660,6,0.08 
网站统计工具,735,1962,1789,1791,105,6,0.97 
tongji,736,1961,1903,1903,108,6,0.97 
流量统计,737,1961,1887,1887,112,4,0.97 
百度云,738,1959,1266,1277,68,3,0.75 
百度统计账号,739,1949,1572,1583,163,6,0.86 
百度流量监控,740,1948,1546,1553,170,6,0.85 
主页,741,1946,1197,1197,72,2,0.61 
网站访问分析,742,1946,1203,1242,39,6,0.85 
百度网页统计,743,1933,908,912,155,6,0.58 
网站统计工具,744,1931,1494,1494,53,6,0.86 
网站流量统计分析,745,1928,969,971,81,8,0.65 
流量统计,746,1925,1506,1510,87,4,0.86 
baidu tongji,747,1924,996,999,67,12,0.68 
百度统计子目录管理,748,1921,1500,1501,110,9,0.85 
百度统计(站长版),749,1919,1552,1553,105,9,0.83 
百度統計,750,1917,1424,1428,76,4,0.89 
百度数据研究中心,751,1913,1613,1614,160,8,0.86 
网站访问量统计,752,1913,1310,1312,55,7,0.76 
统计,753,1913,974,973,54,2,0.35 
百度流量监控,754,1913,1573,1577,163,6,0.86 
百度统计工具,755,1911,1831,1831,115,6,0.96 
zhanzhangtongji,756,1911,1051,1052,81,15,0.43 
百度云,757,1901,1441,1449,111,3,0.89 
网站统计,758,1899,1207,1206,72,4,0.58 
百度访问统计,759,1898,1282,1289,130,6,0.87 
百度统计 pv,760,1898,1536,1540,79,7,0.92 
统计数据的网站,761,1897,1560,1561,81,7,0.93 
百度大数据,762,1893,1685,1703,76,5,0.95 
网站访问分析,763,1892,1570,1578,100,6,0.88 
百度统计登录,764,1892,1344,1358,84,6,0.90 
BAIDUTONGJI,765,15,1,1,787,11,0.00 
BAIDUTONGJI,766,1877,207,225,619,11,0.10 
百度站长统计,767,1889,1836,1837,115,6,0.98 
百度统计(站长版),768,1889,1579,1581,111,9,0.90 
tongji.baidu.com,769,1884,1224,1224,57,16,0.72 
百度统计开放平台,770,1881,1126,1126,95,8,0.51 
hm.baidu.com,771,1876,1739,1746,28,12,0.95 
百度统计平台,772,1871,1478,1479,99,6,0.82 
百度流量统计,773,1869,834,854,90,6,0.44 
分析云,774,1866,1225,1256,52,3,0.85 
网站点击量统计,775,1860,990,996,66,7,0.65 
百度统计登陆,776,1859,1733,1737,39,6,0.94 
百度站长统计,777,1858,1351,1371,75,6,0.83 
网站访问分析,778,1854,1596,1598,112,6,0.96 
百度访问量,779,1853,1324,1340,46,5,0.80 
网站统计,780,1853,1640,1641,99,4,0.94 
访问统计,781,1847,1452,1469,193,4,0.85 
百度统计登录,782,1846,1623,1625,98,6,0.97 
百度统计开放平台,783,1846,1509,1511,115,8,0.96 
百度统计登陆,784,1844,1429,1435,77,6,0.90 
百度统计 新增网站 网站首页,785,1839,425,429,311,14,0.03 
百度数据统计,786,1837,1574,1576,119,6,0.94 
百度统计子目录管理,787,1835,1416,1418,89,9,0.91 
站长统计,788,1831,1397,1401,127,4,0.89 
baidu统计,789,1831,1245,1245,196,7,0.74 
百度站点统计,790,1829,948,982,47,6,0.76 
百度统计账号,791,1827,1433,1437,77,6,0.92 
百度统计趋势分析报告推送邮件,792,1820,1724,1724,110,14,0.96 
bdtj,793,1817,1523,1523,120,4,0.87 
百度统计账号,794,1809,1107,1106,89,6,0.82 
百度分析,795,1804,1162,1162,83,4,0.65 
百度网站流量统计,796,1803,1653,1653,79,8,0.95 
百度统计器,797,1803,1493,1493,111,5,0.88 
网站流量统计分析,798,1801,1741,1742,113,8,0.97 
百度数据统计,799,1800,1451,1453,83,6,0.91 
百度统计,800,1799,1483,1488,67,4,0.93 
统计,801,1796,923,930,66,2,0.65 
百度数据研究中心,802,1792,1582,1583,37,8,0.92 
百度流量,803,1792,1631,1631,121,4,0.94 
hm.baidu.com,804,1790,1630,1630,116,12,0.93 
站长流量统计,805,1784,1185,1192,72,6,0.85 
_hmt.push,806,1783,592,592,213,9,0.10 
网站速度诊断,807,1782,1279,1283,42,6,0.80 
百度站点统计,808,1781,992,993,68,6,0.49 
百度统计账号,809,1781,1039,1043,80,6,0.67 
网站流量统计分析,810,1780,1012,1018,70,8,0.65 
数据中台,811,1779,1353,1362,116,4,0.94 
百度排名系统,812,1777,1355,1358,116,6,0.94 
百度统计器,813,1773,1191,1191,84,5,0.73 
百度统计登陆,814,1771,1698,1698,109,6,0.96 
百度统计文档,815,1771,518,528,112,6,0.35 
百度统计api,816,1770,1670,1670,109,7,0.96 
站长统计 网站统计,817,1770,1097,1096,70,9,0.57 
网站访问分析,818,1766,1245,1252,86,6,0.86 
访问统计,819,1766,619,635,109,4,0.47 
百度流量,820,1762,1491,1498,99,4,0.94 
网站速度诊断,821,1761,1662,1662,111,6,0.96 
百度排名系统,822,1760,1645,1654,28,6,0.96 
站长统计 网站统计,823,1758,1606,1608,52,9,0.95 
统计,824,1749,1506,1506,46,2,0.90 
tongji,825,1748,1450,1454,200,6,0.87 
百度站点统计,826,1741,1544,1546,130,6,0.91 
百度统计登陆,827,1741,1327,1330,265,6,0.84 
百度统计平台,828,1738,1204,1216,45,6,0.76 
站长统计 网站统计,829,1736,1438,1440,80,9,0.88 
百度数据研究中心,830,1736,685,693,123,8,0.39 
百度统计账号,831,1736,1605,1606,83,6,0.96 
实时访客,832,1732,1236,1239,97,4,0.79 
bdtj,833,1730,1241,1243,90,4,0.84 
网站流量代码,834,1727,929,931,73,6,0.41 
百度数据统计,835,1726,1011,1011,70,6,0.58 
百度网站统计,836,1723,1063,1065,85,6,0.75 
tongji,837,1722,1070,1070,78,6,0.53 
数据统计,838,1718,510,516,121,4,0.23 
百度网页统计,839,1717,1611,1611,124,6,0.94 
数据中台,840,1716,789,828,55,4,0.60 
数据中台,841,1705,1480,1485,159,4,0.89 
网站流量统计 代码,842,1705,1158,1191,81,9,0.85 
数据统计,843,1699,1239,1239,72,4,0.87 
网站点击量统计,844,1693,1592,1592,120,7,0.96 
主页,845,1690,1248,1249,57,2,0.80 
百度数据分析,846,1690,1428,1428,107,6,0.88 
百度统计文档,847,1690,1330,1348,70,6,0.93 
BAIDUTONGJI,848,1686,1203,1205,82,11,0.83 
baidu统计,849,1685,1424,1425,86,7,0.90 
百度数据统计,850,1682,1366,1371,119,6,0.95 
网站流量统计,851,1681,1303,1307,97,6,0.84 
百度统计 pv,852,1676,1523,1524,75,7,0.96 
百度统计api,853,1675,579,604,77,7,0.33 
百度流量监控,854,1673,1561,1562,37,6,0.95 
网站访问分析,855,1673,1049,1053,111,6,0.87 
百度统计账号,856,1672,1374,1385,99,6,0.95 
网站流量代码,857,1671,1438,1440,69,6,0.94 
网站统计,858,1670,1627,1627,111,4,0.98 
百度排名系统,859,1667,1348,1350,114,6,0.97 
站长流量统计,860,1667,950,950,65,6,0.39 
zhanzhangtongji,861,1663,1375,1375,120,15,0.88 
百度统计器,862,1661,1075,1081,64,5,0.75 
流量统计,863,1661,1051,1053,46,4,0.76 
百度数据统计,864,1656,1390,1391,152,6,0.87 
hm.baidu.com,865,1652,1319,1320,95,12,0.83 
站长统计 网站统计,866,1647,1236,1236,96,9,0.74 
网站流量代码,867,1643,1531,1532,111,6,0.96 
百度网站流量统计,868,1640,1302,1302,101,8,0.89 
百度统计账号,869,1639,975,976,91,6,0.51 
网站访问统计,870,1639,1165,1176,120,6,0.91 
百度网页统计,871,1638,1048,1050,106,6,0.76 
百度趋势,872,1637,343,340,618,4,0.17 
字数统计,873,1634,1341,1342,116,4,0.94 
tongji.baidu.com,874,1628,868,883,56,16,0.54 
zhanzhangtongji,875,1623,1251,1251,32,15,0.82 
百度流量统计,876,1621,1314,1329,43,6,0.90 
百度统计(站长版),877,1620,1393,1392,127,9,0.88 
百度云,878,1620,1326,1336,87,3,0.93 
bdtj,879,1618,1523,1523,111,4,0.96 
百度统计代码,880,1614,895,895,63,6,0.39 
百度统计自定义事件,881,1614,1269,1277,87,9,0.90 
百度统计子目录管理,882,1612,1376,1380,85,9,0.94 
网站点击量统计,883,1611,1435,1443,88,7,0.94 
百度站长统计,884,1607,1439,1439,93,6,0.91 
百度统计器,885,1607,793,794,65,5,0.65 
访问统计,886,1602,1471,1471,106,4,0.95 
百度排名系统,887,1597,514,524,74,6,0.37 
百度统计第三方推广统计,888,1595,999,1000,62,11,0.56 
网站流量统计 代码,889,1595,908,910,101,9,0.67 
百度排名系统,890,1593,1433,1433,111,6,0.95 
百度统计子目录管理,891,1590,1504,1505,122,9,0.95 
百度统计第三方推广统计,892,1589,1371,1372,83,11,0.96 
字数统计,893,1589,1161,1161,100,4,0.78 
网站访问统计,894,1587,1373,1373,75,6,0.92 
分析云,895,1583,1439,1439,113,3,0.93 
百度统计api,896,1582,1277,1277,57,7,0.89 
访问统计,897,1580,1423,1422,111,4,0.94 
流量统计,898,1577,1223,1224,116,4,0.82 
站长统计 网站统计,899,1576,1490,1493,113,9,0.96 
百度流量监控,900,1575,1363,1363,84,6,0.91 
访问统计,901,1574,931,950,74,4,0.80 
数据中台,902,1570,1058,1064,78,4,0.92 
分析云,903,1570,822,822,66,3,0.43 
百度统计自定义事件,904,1568,1386,1390,97,9,0.96 
百度访问量,905,1559,1069,1078,74,5,0.90 
百度統計,906,1553,1139,1139,60,4,0.85 
百度统计器,907,1553,1045,1047,73,5,0.76 
百度统计官网,908,1552,701,705,75,6,0.56 
百度统计登陆,909,1549,851,851,66,6,0.40 
网站流量分析,910,1544,1179,1182,190,6,0.84 
网站统计,911,1543,1394,1397,129,4,0.91 
百度网页统计,912,1543,1351,1351,90,6,0.91 
百度趋势,913,1538,1250,1250,111,4,0.86 
百度数据分析工具,914,1538,1033,1033,88,8,0.62 
baidu tongji,915,1538,1065,1067,86,12,0.83 
网站流量统计,916,1530,1171,1172,113,6,0.90 
百度统计第三方推广统计,917,1528,1303,1303,108,11,0.88 
bdtj,918,1524,1391,1394,114,4,0.96 
网站访问量统计,919,1523,741,764,78,7,0.71 
百度流量监控,920,1522,993,993,74,6,0.59 
百度统计,921,1522,1001,1025,47,4,0.83 
网站统计工具,922,1518,1317,1317,75,6,0.89 
网站点击量统计,923,1518,1049,1053,88,7,0.86 
百度统计账号,924,1518,1276,1278,108,6,0.95 
站长统计 网站统计,925,1514,1168,1170,106,9,0.93 
zhanzhangtongji,926,1508,934,934,78,15,0.56 
百度网站流量统计,927,1499,1351,1351,119,8,0.92 
字数统计,928,1494,1236,1239,202,4,0.86 
站长统计,929,1490,1249,1249,49,4,0.93 
站长流量统计,930,1490,923,926,75,6,0.76 
baidu_analytics,931,1487,1040,1042,79,15,0.86 
网站流量统计分析,932,1481,1300,1301,106,8,0.90 
统计,933,1481,810,808,95,2,0.58 
百度统计登陆,934,1481,1299,1300,80,6,0.91 
统计百度,935,1480,974,974,93,4,0.64 
百度统计器,936,1479,867,876,89,5,0.93 
百度数据埋点,937,1474,1411,1412,105,6,0.96 
百度统计在线报表,938,1473,1370,1369,78,8,0.96 
百度统计登录,939,1472,784,797,90,6,0.72 
百度统计第三方推广统计,940,1468,980,984,54,11,0.71 
网站访问统计,941,1467,1094,1093,57,6,0.84 
统计百度,942,1466,1254,1263,166,4,0.89 
字数统计,943,1465,883,884,71,4,0.45 
BAIDUTONGJI,944,1461,936,936,58,11,0.63 
百度统计自定义事件,945,1460,952,952,97,9,0.70 
百度统计,946,1460,1267,1267,121,4,0.87 
baidu tongji,947,1459,1144,1145,122,12,0.87 
百度统计自定义事件,948,1458,469,493,85,9,0.45 
百度排名系统,949,1456,897,897,77,6,0.50 
tongji,950,1454,1381,1381,129,6,0.95 
百度分析,951,1453,1279,1280,101,4,0.90 
BAIDUTONGJI,952,1451,989,990,76,11,0.69 
hm.baidu.com,953,1445,1283,1283,45,12,0.93 
百度统计登录,954,1443,911,918,77,6,0.77 
百度统计账号,955,1442,1014,1026,78,6,0.85 
数据中台,956,1438,1351,1352,117,4,0.98 
百度统计怎么使用,957,1437,1301,1301,90,8,0.93 
网站流量统计分析,958,1435,799,798,62,8,0.64 
百度数据,959,1435,1303,1303,92,4,0.94 
百度统计官网,960,1430,964,968,81,6,0.84 
百度流量监控,961,1426,1355,1355,113,6,0.96 
百度统计账号,962,1422,1208,1209,114,6,0.89 
tongji.baidu.com,963,1421,1370,1370,103,16,0.97 
统计,964,1420,1194,1200,92,2,0.90 
百度统计登陆,965,1418,1265,1266,115,6,0.90 
百度统计趋势分析报告推送邮件,966,1416,778,779,55,14,0.76 
百度网站流量统计,967,1415,1363,1364,117,8,0.97 
tongji,968,1415,1289,1291,91,6,0.95 
网站流量统计分析,969,1409,1214,1214,108,8,0.90 
百度统计子目录管理,970,1407,971,973,103,9,0.85 
网站数据,971,1406,1224,1224,170,4,0.89 
百度访问统计,972,1406,1101,1104,83,6,0.89 
百度数据统计,973,1406,895,907,38,6,0.77 
访问统计,974,1402,1239,1239,112,4,0.96 
baidu_analytics,975,1401,1261,1263,81,15,0.95 
百度网站流量统计,976,1395,1289,1290,113,8,0.97 
百度访问量,977,1394,1312,1312,59,5,0.95 
实时访客,978,1387,953,973,88,4,0.91 
网站流量统计分析,979,1385,953,955,103,8,0.83 
统计数据的网站,980,1385,763,793,50,7,0.78 
百度统计 pv,981,1381,1197,1198,73,7,0.95 
百度趋势,982,1380,1172,1179,145,4,0.88 
百度统计文档,983,1376,245,245,598,6,0.20 
网站统计代码,984,1371,1181,1181,105,6,0.89 
百度统计自定义事件,985,1370,1167,1167,82,9,0.92 
百度统计平台,986,1368,1086,1086,128,6,0.86 
百度统计登陆,987,1364,1298,1298,113,6,0.96 
百度云,988,1363,1261,1264,118,3,0.96 
百度统计平台,989,1361,1036,1040,124,6,0.83 
百度统计登陆,990,1360,1104,1111,187,6,0.85 
数据统计,991,1358,920,921,85,4,0.76 
百度统计代码,992,1357,1127,1135,35,6,0.89 
百度排名系统,993,1354,1269,1269,118,6,0.95 
baidu tongji,994,1351,921,921,65,12,0.63 
网站统计代码,995,1349,785,799,84,6,0.67 
bdtj,996,1346,1127,1140,51,4,0.91 
百度数据埋点,997,1342,1243,1243,116,6,0.95 
统计,998,1342,1072,1075,111,2,0.93 
百度统计开放平台,999,1340,874,876,70,8,0.74 
百度数据研究中心,1000,1340,1152,1152,96,8,0.90 
百度统计第三方推广统计,1001,1339,984,988,74,11,0.85 
总计,,22270615,15700619,15739236,98,2,0.82 
