搜索词,排名,浏览量(PV),访客数(UV),IP数,跳出率,平均访问时长,搜索词字数
百度统计器,1,580666,483661,484218,92.92%,94,5
百度数据埋点,2,470851,252098,253926,60.70%,76,6
百度趋势,3,282116,191646,192873,76.68%,57,4
百度统计第三方推广统计,4,281533,263560,263458,95.35%,96,11
统计百度,5,231176,141998,143331,71.26%,72,4
百度数据分析工具,6,129707,27962,27966,12.97%,619,8
百度数据分析工具,7,63795,13379,13419,15.42%,609,8
百度统计代码,8,173809,68284,68703,60.34%,95,6
网站访问统计,9,142301,83009,85993,82.39%,47,6
BAIDUTONGJI,10,134759,58211,59067,59.91%,87,11
百度统计工具,11,125735,33800,34135,6.37%,294,6
tongji.baidu.com,12,95636,85572,85626,94.73%,80,16
BAIDUTONGJI,13,95604,86579,86616,93.81%,83,11
百度统计账号,14,94065,76121,76255,89.71%,85,6
百度访问统计,15,93928,29131,30262,35.25%,75,6
百度统计登陆,16,85578,49758,49902,62.13%,81,6
数据中台,17,82355,73237,73325,94.88%,92,4
百度数据,18,79779,62758,62962,90.31%,97,4
百度数据分析,19,75749,12492,12532,16.46%,319,6
网站访问统计,20,74938,52105,52301,77.74%,51,6
网站访问分析,21,74353,62386,62531,93.21%,96,6
网站统计,22,72433,44333,44318,74.44%,82,4
百度統計,23,71843,39612,39659,40.40%,62,4
百度数据埋点,24,64505,41716,41851,75.06%,90,6
百度数据埋点,25,59395,53289,53302,92.57%,109,6
百度统计第三方推广统计,26,56839,51295,51310,91.48%,126,11
网站点击量统计,27,50321,41840,41907,91.63%,91,7
百度统计平台,28,48256,9769,9808,28.16%,231,6
统计数据的网站,29,47707,37385,37485,86.30%,114,7
百度统计自定义事件,30,42236,39544,39549,94.66%,115,9
网站流量代码,31,41975,25482,25596,69.56%,70,6
百度统计账号,32,41498,38581,38595,93.91%,122,6
百度分析,33,39674,28744,28847,89.30%,96,4
百度访问统计,34,36696,33655,33654,93.41%,98,6
百度统计 新增网站 网站首页,35,36442,22156,22205,62.05%,83,14
百度统计api,36,34647,28974,28962,89.06%,50,7
统计数据的网站,37,34244,23808,24030,80.52%,45,7
百度访问量,38,34147,27501,27528,85.20%,109,5
百度网站统计,39,32876,30383,30389,93.48%,115,6
baidu统计,40,32739,20807,21019,89.07%,77,7
百度统计平台,41,31761,27871,27912,94.72%,114,6
bdtj,42,31388,14862,15052,62.69%,104,4
流量统计,43,31158,25202,25215,84.58%,107,4
百度访问统计,44,31086,20928,21002,76.65%,58,6
百度统计 新增网站 网站首页,45,30987,18877,18907,63.58%,83,14
百度统计文档,46,30539,20003,20139,79.86%,50,6
统计数据的网站,47,30365,21973,21997,76.50%,117,7
zhanzhangtongji,48,29386,22620,22601,80.76%,85,15
数据中台,49,29009,10285,10446,45.01%,87,4
分析云,50,28616,11345,11875,59.49%,64,3
hm.baidu.com,51,27660,25983,25985,95.32%,67,12
baidu tongji,52,26849,18763,18948,82.09%,44,12
统计数据的网站,53,26698,17597,17617,64.80%,79,7
网站点击量统计,54,26466,22563,22606,94.42%,87,7
百度统计自定义事件,55,26307,17194,17205,65.18%,79,9
百度流量,56,25792,17144,17264,80.29%,46,4
百度分析,57,25313,14309,14398,77.66%,94,4
tongji,58,25306,7206,7264,3.84%,220,6
百度统计,59,25286,5227,5242,24.90%,224,4
百度统计怎么使用,60,24588,20988,20992,89.69%,108,8
网站统计工具,61,23777,20331,20334,88.53%,120,6
网站访问统计,62,23594,10707,10755,57.84%,82,6
主页,63,23531,14877,14940,69.55%,82,2
百度 统计,64,23244,15061,15078,72.40%,197,5
百度网站流量统计,65,23118,12889,12975,82.12%,79,8
网站访问量统计,66,22986,14679,14765,89.82%,84,7
百度数据埋点,67,22771,14078,14119,84.32%,66,6
百度统计怎么使用,68,22447,20477,20479,92.91%,116,8
百度流量,69,22155,20957,20953,96.21%,98,4
百度统计登录,70,21669,8816,9106,49.95%,82,6
baidu统计,71,21599,14321,14367,79.61%,47,7
百度数据研究中心,72,20955,16608,16650,85.03%,174,8
百度统计器,73,20811,19840,19842,97.01%,113,5
百度趋势,74,19825,16975,16982,89.07%,97,4
baidu_analytics,75,19749,11095,11455,80.53%,47,15
百度网站流量统计,76,19644,17879,17879,92.32%,122,8
tongji,77,19484,12119,12158,69.71%,85,6
百度 统计,78,19464,16792,16811,93.97%,78,5
分析云,79,19461,15903,15938,90.89%,82,3
字数统计,80,19235,17427,17456,93.71%,44,4
流量统计,81,18676,16695,16701,92.20%,88,4
百度统计api,82,18424,10652,10652,67.02%,65,7
百度数据,83,18280,11664,11665,61.75%,93,4
baidu_analytics,84,18050,10669,10744,82.70%,97,15
百度流量监控,85,17778,11995,12031,84.03%,87,6
网站统计,86,16870,9812,9830,73.84%,65,4
百度统计怎么使用,87,16528,14734,14735,91.32%,106,8
字数统计,88,16235,13542,13544,88.55%,95,4
百度统计趋势分析报告推送邮件,89,16149,10914,10946,76.49%,54,14
网站统计代码,90,16102,14715,14719,92.62%,116,6
统计,91,15722,12969,13003,85.53%,190,2
百度访问统计,92,15572,14184,14192,95.21%,118,6
BAIDUTONGJI,93,15480,9478,9479,54.92%,83,11
分析云,94,15473,14153,14160,93.23%,87,3
百度统计登录,95,15444,10106,10158,84.47%,78,6
百度大数据,96,15228,13260,13264,92.67%,95,5
百度统计第三方推广统计,97,15199,8797,8871,67%,75,11
百度统计登陆,98,15126,13852,13861,93.14%,119,6
站长流量统计,99,14786,9115,9179,90.27%,85,6
统计,100,14415,9331,9336,62.27%,73,2
百度统计,101,14354,8966,8992,76.55%,71,4
百度统计api,102,14321,11664,11673,86.54%,120,7
数据中台,103,14315,9771,9836,94.78%,112,4
百度数据埋点,104,14210,12921,12923,94.05%,72,6
百度流量监控,105,14061,11782,11793,92.94%,66,6
百度统计平台,106,14002,9075,9114,88.89%,76,6
统计,107,13862,10304,10339,85.77%,96,2
百度流量统计,108,13853,8788,8790,56.75%,86,6
统计百度,109,13788,8279,8287,53.76%,62,4
百度统计文档,110,13722,8828,8828,55.56%,75,6
百度数据统计,111,13552,12168,12168,91.96%,117,6
百度 统计,112,13371,8552,8610,89.72%,74,5
百度数据埋点,113,13363,11787,11794,93.39%,92,6
网站访问分析,114,13076,11629,11627,91.56%,93,6
百度访问量,115,12946,8287,8301,71.75%,97,5
网站流量代码,116,12809,7823,7832,77.21%,59,6
hm.baidu.com,117,12800,7599,7611,64.71%,66,12
百度统计,118,12723,5548,5724,58.90%,69,4
网站流量统计,119,12723,8040,8049,70.77%,76,6
站长流量统计,120,12694,8225,8279,74.36%,55,6
站长统计 网站统计,121,12623,10283,10307,93.76%,88,9
百度数据研究中心,122,12586,5766,5953,74.84%,69,8
百度統計,123,12577,9092,9135,81.67%,72,4
统计代码,124,12281,3879,3952,36.57%,88,4
站长统计,125,12220,8818,8843,79.92%,40,4
百度数据研究中心,126,12016,6883,6958,69.61%,64,8
百度统计自定义事件,127,11993,10656,10659,94.31%,96,9
网站统计工具,128,11887,6514,6542,67.19%,67,6
访问统计,129,11861,8444,8506,84.81%,85,4
主页,130,11831,8893,8933,95.64%,81,2
百度统计 pv,131,11826,7718,7728,70.86%,88,7
实时访客,132,11710,7377,7410,72.35%,58,4
网站流量分析,133,11680,7985,8092,91.64%,87,6
百度统计第三方推广统计,134,11526,8293,8315,80.94%,47,11
网站统计工具,135,11371,10388,10389,93.89%,104,6
访问统计,136,11310,8437,8470,95.92%,72,4
百度统计,137,11275,6861,6861,52.48%,82,4
站长统计 网站统计,138,11261,10164,10164,91.79%,123,9
统计代码,139,11109,7576,7627,77.98%,43,4
网站流量统计,140,11062,6947,6946,50.06%,56,6
百度统计登陆,141,11011,10415,10415,95.45%,105,6
百度统计 新增网站 网站首页,142,10970,8957,8969,85.97%,175,14
baidu tongji,143,10615,8753,8775,93.48%,94,12
数据中台,144,10530,7035,7085,84.23%,71,4
百度统计自定义事件,145,10507,8182,8212,95.83%,71,9
百度 统计,146,10452,8587,8620,86.98%,163,5
统计数据的网站,147,10427,9893,9897,95.80%,115,7
百度数据,148,10382,9275,9278,90.86%,106,4
实时访客,149,10266,9725,9725,95.12%,107,4
百度网站统计,150,10137,9307,9307,92.97%,120,6
baidu tongji,151,10040,5512,5618,69.29%,74,12
网站流量统计,152,10000,7325,7354,81.01%,43,6
百度统计趋势分析报告推送邮件,153,9996,8628,8627,88.12%,74,14
站长流量统计,154,9857,8928,8939,93.84%,43,6
baidu_analytics,155,9835,6114,6324,83.98%,56,15
百度站长统计,156,9804,2699,2711,7.46%,248,6
百度网页统计,157,9787,6709,6737,81.97%,75,6
网站访问量统计,158,9705,7289,7283,81.04%,171,7
百度 统计,159,9664,5552,5614,86.29%,94,5
网站流量代码,160,9628,7251,7263,85.68%,91,6
tongji.baidu.com,161,9615,7594,7617,86.64%,56,16
网站访问统计,162,9569,8561,8563,91.79%,115,6
百度统计工具,163,9481,8513,8515,93.27%,67,6
BAIDUTONGJI,164,9418,7353,7388,87.48%,113,11
百度统计 新增网站 网站首页,165,9386,5841,5855,68.06%,90,14
百度统计代码,166,9310,7877,7915,93.86%,125,6
百度统计官网,167,9308,7472,7506,92.55%,89,6
百度统计,168,9260,7455,7460,90.11%,84,4
bdtj,169,9179,8369,8369,93.60%,117,4
百度统计工具,170,9175,7501,7522,86.16%,153,6
百度流量监控,171,9145,8731,8728,96.53%,21,6
tongji,172,9129,8544,8545,95.61%,112,6
百度统计api,173,9064,5884,5900,77.43%,109,7
百度统计,174,9024,5804,5802,55.98%,69,4
网站流量统计 代码,175,8930,6889,6900,87.22%,88,9
百度统计登陆,176,8784,8331,8333,95.64%,113,6
百度统计子目录管理,177,8690,6769,6778,81.70%,149,9
BAIDUTONGJI,178,8684,6380,6373,82.27%,55,11
访问统计,179,8681,4671,4711,67.40%,87,4
百度统计 新增网站 网站首页,180,8601,5980,5985,68.85%,82,14
百度 统计,181,8583,6884,6911,91.89%,97,5
百度统计,182,8575,6675,6700,81.48%,180,4
站长统计,183,8525,7964,7965,94.24%,116,4
百度数据埋点,184,8466,5999,6009,81.03%,82,6
百度统计代码,185,8450,6474,6472,86.68%,74,6
百度统计账号,186,8406,6866,6864,84.36%,79,6
百度统计平台,187,8381,5214,5255,87.82%,111,6
统计,188,8374,6079,6104,83.99%,43,2
百度统计登陆,189,8295,6846,6845,89.92%,86,6
百度访问量,190,8204,5882,5898,79.30%,112,5
百度排名系统,191,8155,2915,2924,19.10%,98,6
网站数据,192,8148,6326,6376,91.21%,91,4
百度流量统计,193,8132,7011,7022,88.38%,167,6
网站流量分析,194,8124,5040,5050,78.50%,53,6
主页,195,8092,6850,6877,87.95%,132,2
主页,196,7983,6225,6230,84.65%,108,2
网站访问分析,197,7923,4035,4034,63.20%,87,6
百度网页统计,198,7821,6159,6196,92.16%,105,6
百度站长统计,199,7796,6612,6623,93.89%,85,6
实时访客,200,7639,5515,5529,85.27%,89,4
网站流量统计 代码,201,7630,4611,4619,76.92%,54,9
百度统计(站长版),202,7620,6981,6982,92.80%,126,9
数据统计,203,7478,5288,5294,76.24%,107,4
网站访问统计,204,7443,6759,6760,92.13%,124,6
站长流量统计,205,7425,6356,6364,94.30%,62,6
数据中台,206,7365,6898,6903,96.45%,31,4
百度流量统计,207,7357,3702,3712,44.98%,77,6
站长统计,208,7356,5204,5246,91%,76,4
数据中台,209,7330,5067,5101,82.47%,79,4
bdtj,210,7307,4925,4962,85.64%,93,4
百度统计器,211,7163,2083,2095,5.48%,251,5
百度云,212,7163,5341,5344,83.61%,101,3
网站统计代码,213,7119,6330,6333,91.75%,72,6
百度站点统计,214,7095,6690,6692,97.14%,110,6
百度统计在线报表,215,7087,4554,4555,61.95%,74,8
baidu tongji,216,7083,5478,5480,85.90%,89,12
百度云,217,7025,6443,6445,93.18%,124,3
网站速度诊断,218,7019,4758,4836,83.79%,51,6
baidu tongji,219,6977,6462,6466,94.36%,103,12
百度流量监控,220,6952,5415,5419,87.21%,77,6
网站流量统计,221,6943,6614,6612,96.15%,105,6
百度云,222,6937,4754,4834,86.97%,67,3
百度站点统计,223,6855,4905,4912,82.98%,73,6
百度分析,224,6842,6519,6520,96.80%,112,4
网站流量代码,225,6841,6054,6068,95.02%,121,6
网站数据,226,6772,6145,6147,91.95%,119,4
站长流量统计,227,6701,4836,4837,82.38%,75,6
网站流量分析,228,6639,5741,5744,88.70%,124,6
百度数据统计,229,6636,5566,5579,95.07%,90,6
网站速度诊断,230,6629,5755,5759,89.24%,121,6
实时访客,231,6622,4725,4743,85.16%,94,4
网站流量统计分析,232,6620,4881,4893,81.91%,42,8
百度统计趋势分析报告推送邮件,233,6605,5552,5559,91.29%,116,14
百度数据分析,234,6581,4075,4093,80.09%,76,6
百度云,235,6557,5968,5972,96.50%,116,3
网站数据,236,6524,5325,5330,91.08%,67,4
统计,237,6465,4513,4535,85.64%,126,2
站长统计,238,6464,6082,6082,94.69%,112,4
tongji,239,6462,3511,3516,50.35%,62,6
百度网站统计,240,6419,4639,4655,86.58%,111,6
百度统计,241,6413,4376,4433,75.95%,41,4
百度数据统计,242,6372,4161,4179,74.89%,88,6
百度统计 新增网站 网站首页,243,6315,4310,4310,80.47%,86,14
百度数据研究中心,244,6309,4359,4376,92.95%,110,8
百度统计自定义事件,245,6231,2570,2618,56.87%,191,9
百度统计登录,246,6177,5181,5209,87.08%,166,6
百度统计怎么使用,247,6112,5533,5533,93.24%,113,8
baidu tongji,248,6100,4954,4954,84.60%,113,12
站长流量统计,249,6097,5407,5406,92.56%,75,6
百度统计自定义事件,250,5822,3455,3461,72.34%,55,9
网站流量统计,251,5795,5473,5473,95.71%,52,6
分析云,252,5779,3405,3405,46.85%,65,3
流量统计,253,5741,5188,5199,95.05%,67,4
bdtj,254,5733,3767,3776,74.83%,65,4
百度統計,255,5717,4560,4567,84.68%,103,4
百度统计文档,256,5713,4717,4721,85.94%,169,6
网站点击量统计,257,5711,4301,4300,78.68%,96,7
baidu统计,258,5655,3949,3984,82.28%,44,7
百度排名系统,259,5651,4367,4389,86.86%,46,6
实时访客,260,5650,4729,4736,86.07%,160,4
百度流量,261,5629,3951,3966,84.34%,94,4
百度统计登录,262,5599,3510,3511,51.40%,78,6
网站流量统计 代码,263,5587,2893,2896,51.08%,88,9
百度统计子目录管理,264,5582,4574,4575,87.38%,94,9
百度大数据,265,5540,2364,2372,36.65%,96,5
bdtj,266,5536,5244,5244,96.62%,117,4
百度统计在线报表,267,5522,4385,4390,84.22%,119,8
数据统计,268,5491,3239,3239,72.10%,51,4
站长统计 网站统计,269,5476,3145,3170,69.95%,55,9
数据统计,270,5466,5112,5113,95.58%,31,4
主页,271,5447,4415,4419,90.47%,66,2
百度统计怎么使用,272,5446,3469,3496,86.73%,107,8
百度统计登录,273,5435,4450,4454,87.72%,120,6
网站统计代码,274,5418,4593,4597,91.72%,103,6
网站访问量统计,275,5415,3554,3553,57.89%,66,7
统计百度,276,5390,3174,3201,77.79%,66,4
百度大数据,277,5383,3547,3542,74.33%,65,5
百度统计登陆,278,5379,4086,4097,86.31%,81,6
tongji,279,5369,3847,3851,84.14%,81,6
百度流量,280,5364,3052,3183,81.09%,45,4
百度数据埋点,281,5361,4776,4781,93.55%,83,6
百度流量,282,5353,1529,1532,4.65%,257,4
百度统计第三方推广统计,283,5351,3868,3876,82.38%,81,11
网站统计代码,284,5328,3820,3824,79.11%,82,6
站长流量统计,285,5292,2859,2893,68.47%,79,6
百度统计(站长版),286,5265,4433,4436,91.26%,93,9
百度数据埋点,287,5231,4673,4673,92.58%,63,6
百度流量,288,5229,4924,4923,95.60%,105,4
分析云,289,5215,2795,2839,69.83%,54,3
BAIDUTONGJI,290,5196,4861,4861,94.10%,119,11
百度访问量,291,5175,3201,3201,53.64%,71,5
访问统计,292,5172,3100,3173,78.09%,70,4
百度统计账号,293,5165,4290,4298,87.44%,171,6
百度流量,294,5144,4115,4121,86.50%,107,4
网站速度诊断,295,5143,3956,3974,86.77%,83,6
百度统计 新增网站 网站首页,296,5127,4857,4857,95.58%,116,14
百度统计平台,297,5104,4790,4790,94.55%,117,6
百度统计api,298,5102,4195,4222,90.09%,100,7
百度统计自定义事件,299,5101,1095,1096,30.03%,288,9
百度站长统计,300,5038,3670,3676,88.52%,78,6
百度统计趋势分析报告推送邮件,301,5018,4262,4264,91.46%,116,14
百度统计,302,5009,2883,2884,47.89%,83,4
百度统计账号,303,5007,3212,3233,72.86%,70,6
百度統計,304,4974,2830,2830,47%,64,4
网站统计工具,305,4968,3200,3214,73.43%,64,6
百度统计代码,306,4947,2162,2233,48.73%,89,6
百度访问量,307,4942,3956,3966,83.43%,164,5
百度流量统计,308,4940,2623,2672,67.52%,63,6
bdtj,309,4935,4696,4699,97.14%,116,4
百度云,310,4914,3977,3984,93.51%,74,3
网站访问分析,311,4886,2983,3014,77.54%,66,6
统计代码,312,4876,4075,4079,89.69%,99,4
百度 统计,313,4865,3660,3672,89.73%,87,5
tongji,314,4855,4523,4527,94.22%,122,6
网站流量分析,315,4840,3229,3233,73.98%,87,6
百度统计登录,316,4837,3019,3050,70.81%,92,6
百度统计趋势分析报告推送邮件,317,4823,772,776,19.21%,761,14
网站访问量统计,318,4788,3041,3042,56.47%,91,7
百度网站流量统计,319,4778,4063,4066,87.85%,118,8
网站数据,320,4772,4545,4543,97.26%,29,4
网站流量统计分析,321,4770,2258,2261,47.86%,99,8
百度统计(站长版),322,4741,2756,2780,74.14%,76,9
百度统计登陆,323,4730,4310,4311,95.45%,114,6
百度数据研究中心,324,4728,4255,4258,94.53%,116,8
百度统计自定义事件,325,4725,3934,3941,91.38%,66,9
统计代码,326,4712,4426,4428,96.84%,110,4
百度数据分析,327,4684,2941,2975,78.04%,60,6
_hmt.push,328,4670,2675,2697,67.64%,67,9
百度云,329,4658,3408,3424,92.59%,114,3
站长流量统计,330,4645,2210,2211,59.72%,77,6
站长流量统计,331,4641,3922,3922,91.51%,77,6
网站流量统计,332,4603,3994,3997,89.15%,108,6
网站统计工具,333,4582,3988,3992,92.82%,115,6
网站流量分析,334,4576,2709,2711,45.81%,64,6
百度数据统计,335,4552,2216,2218,45.67%,94,6
百度统计 新增网站 网站首页,336,4541,3471,3480,86.64%,74,14
网站访问分析,337,4521,2578,2609,71.63%,53,6
百度统计代码,338,4521,1878,1910,48.62%,77,6
百度统计子目录管理,339,4515,2871,2867,60.47%,64,9
百度统计官网,340,4513,2559,2570,64.75%,59,6
网站流量统计分析,341,4495,3339,3339,73.72%,99,8
网站流量代码,342,4465,2447,2461,62.98%,72,6
百度站长统计,343,4459,4057,4058,92.36%,96,6
百度统计登陆,344,4450,3337,3345,86.83%,75,6
网站统计,345,4432,2367,2405,82.65%,64,4
baidu_analytics,346,4424,2113,2107,37.90%,49,15
百度统计,347,4420,3061,3066,77.42%,112,4
百度趋势,348,4412,2954,2966,74.67%,56,4
数据中台,349,4411,2723,2748,79.08%,92,4
百度流量,350,4390,3919,3921,91.88%,103,4
tongji,351,4389,2820,2822,56.99%,83,6
百度统计趋势分析报告推送邮件,352,4372,4088,4088,94.24%,119,14
百度统计登陆,353,4353,4015,4015,94.45%,113,6
bdtj,354,4345,3897,3908,92.54%,42,4
百度流量统计,355,4328,2586,2638,81.85%,81,6
分析云,356,4281,3037,3036,72.06%,64,3
实时访客,357,4268,3018,3024,87.32%,41,4
百度数据分析,358,4238,3948,3948,96.05%,59,6
百度统计在线报表,359,4222,3507,3521,95.63%,96,8
网站流量统计 代码,360,4213,2382,2386,68.06%,63,9
百度统计平台,361,4209,3506,3508,85.22%,125,6
网站速度诊断,362,4203,3625,3626,90.24%,102,6
百度访问统计,363,4199,3242,3242,84.73%,61,6
统计,364,4196,3087,3093,89.57%,103,2
百度统计自定义事件,365,4194,2493,2491,59.83%,78,9
_hmt.push,366,4161,3860,3862,94.58%,104,9
百度数据,367,4096,2555,2555,55.98%,85,4
统计数据的网站,368,4049,1224,1233,18.48%,221,7
百度趋势,369,4040,2247,2250,65.13%,80,4
百度统计第三方推广统计,370,4040,3162,3163,84.43%,117,11
百度统计自定义事件,371,3989,3544,3547,93.72%,66,9
BAIDUTONGJI,372,3981,2993,2997,82.69%,75,11
百度 统计,373,3977,2477,2477,53.53%,58,5
百度数据统计,374,3960,3289,3287,92.83%,92,6
hm.baidu.com,375,3955,2690,2695,78.03%,71,12
百度统计第三方推广统计,376,3952,3619,3622,95.24%,83,11
百度趋势,377,3949,3165,3168,84.40%,158,4
百度統計,378,3938,3751,3752,97.22%,115,4
百度统计子目录管理,379,3935,3092,3093,81.52%,79,9
网站访问统计,380,3930,3541,3558,93.13%,39,6
百度数据,381,3920,3434,3433,91.20%,41,4
网站流量统计 代码,382,3916,3407,3414,94.79%,116,9
网站流量代码,383,3915,3028,3028,81.58%,102,6
百度统计官网,384,3904,3015,3017,79.39%,103,6
百度统计怎么使用,385,3900,2136,2147,46.41%,66,8
统计代码,386,3896,3003,3010,88.06%,64,4
百度 统计,387,3888,1582,1644,55.49%,78,5
百度流量,388,3885,3633,3633,95.46%,110,4
数据中台,389,3881,3391,3392,88.60%,111,4
百度大数据,390,3877,3074,3092,85.80%,169,5
网站速度诊断,391,3870,3031,3042,87.98%,75,6
流量统计,392,3853,3351,3352,88.62%,113,4
百度大数据,393,3845,2318,2356,77.33%,57,5
网站统计代码,394,3821,3439,3447,92.13%,74,6
实时访客,395,3819,3489,3489,92.88%,117,4
百度网站流量统计,396,3802,2527,2535,70.86%,71,8
百度数据埋点,397,3800,3669,3669,97.08%,112,6
百度统计登陆,398,3795,2534,2544,82.99%,114,6
网站速度诊断,399,3779,2349,2365,84.83%,73,6
百度统计自定义事件,400,3779,2946,2962,95.73%,112,9
网站统计工具,401,3760,1929,1947,62.12%,102,6
网站统计代码,402,3739,2816,2832,96.74%,114,6
BAIDUTONGJI,403,3731,2535,2523,72.31%,70,11
网站访问量统计,404,3715,3390,3393,97.65%,121,7
百度大数据,405,3711,2497,2504,77.66%,74,5
统计代码,406,3710,2709,2716,95.43%,74,4
百度站点统计,407,3702,2975,2986,85%,159,6
百度数据分析工具,408,3702,3225,3225,88.10%,119,8
实时访客,409,3700,977,987,2.87%,344,4
网站流量统计分析,410,3700,3475,3475,94.62%,117,8
统计百度,411,3698,2947,2960,90.54%,93,4
百度统计在线报表,412,3686,3147,3145,87.60%,68,8
网站流量代码,413,3678,2894,2902,82.12%,69,6
网站统计工具,414,3667,2769,2778,87.11%,91,6
百度统计工具,415,3666,2770,2783,92.57%,106,6
百度统计工具,416,3662,3001,3010,86.15%,176,6
百度 统计,417,3640,3338,3337,96.41%,74,5
百度统计(站长版),418,3625,2725,2749,86.03%,73,9
站长统计,419,3613,3003,3019,94.09%,55,4
网站统计,420,3608,2547,2583,88.69%,80,4
百度流量监控,421,3607,3073,3072,88.67%,110,6
网站数据,422,3603,2651,2670,94.64%,80,4
网站访问量统计,423,3600,2734,2734,78.51%,59,7
百度统计官网,424,3591,3067,3075,88.31%,163,6
百度统计,425,3590,3151,3152,92.36%,114,4
tongji,426,3585,2196,2196,51.48%,82,6
百度排名系统,427,3568,2171,2169,70.51%,76,6
网站流量统计 代码,428,3543,3383,3384,95.78%,113,9
百度统计在线报表,429,3536,2281,2282,53.87%,79,8
百度站点统计,430,3533,1167,1167,7.04%,105,6
网站统计工具,431,3517,3163,3161,91.66%,41,6
数据中台,432,3515,2284,2296,77.09%,97,4
百度数据分析,433,3496,2238,2220,67.02%,50,6
tongji,434,3496,2190,2191,53.28%,65,6
bdtj,435,3483,3089,3088,92.01%,80,4
百度统计官网,436,3477,2750,2759,86.07%,165,6
网站流量统计,437,3471,2366,2386,85.02%,79,6
百度统计代码,438,3459,2408,2412,86.68%,97,6
百度统计文档,439,3457,3072,3071,93.96%,91,6
百度站长统计,440,3437,2828,2849,94.34%,67,6
百度统计官网,441,3433,3084,3085,97.55%,115,6
百度流量,442,3423,2962,2965,93.87%,97,4
统计数据的网站,443,3421,3300,3300,97%,111,7
数据中台,444,3388,3076,3078,94%,101,4
百度统计 pv,445,3385,3123,3122,95.47%,105,7
百度统计登陆,446,3385,3110,3110,93.85%,98,6
百度统计趋势分析报告推送邮件,447,3383,3183,3183,94.97%,40,14
统计百度,448,3382,3205,3205,95.38%,115,4
tongji,449,3381,1866,1947,78.42%,44,6
网站流量分析,450,3380,3226,3226,96.01%,113,6
百度云,451,3337,2920,2920,89.61%,116,3
百度排名系统,452,3335,2821,2823,93.16%,101,6
百度排名系统,453,3326,2177,2178,61.36%,93,6
tongji,454,3325,2256,2258,76.94%,53,6
baidu统计,455,3323,2744,2746,90.05%,109,7
百度趋势,456,3323,1812,1845,79.74%,68,4
百度统计自定义事件,457,3311,2235,2244,76.92%,56,9
百度统计代码,458,3310,2857,2865,92.80%,74,6
tongji,459,3305,3254,3254,98.83%,119,6
百度流量统计,460,3290,3000,3003,95.37%,115,6
百度统计平台,461,3280,2490,2495,78.71%,159,6
百度数据统计,462,3271,1850,1880,79.81%,76,6
百度大数据,463,3260,2657,2661,87.90%,121,5
站长统计,464,3252,2392,2400,84.59%,76,4
hm.baidu.com,465,3250,2499,2498,83.91%,58,12
百度统计 pv,466,3239,1573,1597,57.29%,69,7
网站访问统计,467,3213,1939,1949,83.16%,87,6
网站访问统计,468,3209,1212,1215,50.88%,73,6
baidu统计,469,3200,3063,3063,96.32%,119,7
百度统计 新增网站 网站首页,470,3187,2344,2369,88.84%,78,14
百度网页统计,471,3186,2140,2150,86.91%,101,6
网站数据,472,3184,1970,1973,66.72%,65,4
百度数据,473,3179,2163,2170,83.23%,100,4
baidu统计,474,3174,2320,2323,81.16%,43,7
网站统计,475,3172,2543,2543,89.54%,69,4
百度统计登录,476,3165,2264,2337,92.32%,38,6
站长统计 网站统计,477,3162,2391,2394,84.89%,63,9
百度统计子目录管理,478,3159,2175,2176,67.85%,78,9
百度统计账号,479,3157,1768,1771,50.51%,67,6
统计代码,480,3153,1554,1555,58.25%,71,4
网站访问分析,481,3136,2639,2645,87.27%,162,6
百度分析,482,3134,2266,2266,80.34%,76,4
分析云,483,3131,976,982,30.36%,249,3
网站流量统计 代码,484,3122,1928,1932,61.26%,87,9
_hmt.push,485,3115,2745,2745,91.40%,109,9
网站访问量统计,486,3109,2814,2814,92.93%,108,7
站长流量统计,487,3100,1930,1943,78.49%,81,6
网站点击量统计,488,3096,1794,1835,76.45%,59,7
tongji.baidu.com,489,3095,2310,2336,86.59%,60,16
bdtj,490,3085,2202,2217,82.14%,65,4
hm.baidu.com,491,3075,2447,2464,82.46%,168,12
百度统计 新增网站 网站首页,492,3068,2680,2684,93.18%,103,14
百度数据埋点,493,3064,1982,1992,75.89%,141,6
字数统计,494,3044,1932,1934,75.96%,63,4
百度大数据,495,3041,1215,1248,22.69%,147,5
百度统计工具,496,3035,1795,1795,68.43%,97,6
百度云,497,3032,2699,2708,91.27%,39,3
百度统计登陆,498,3030,1379,1390,69.57%,90,6
百度网页统计,499,3030,1721,1724,66.03%,77,6
百度统计登陆,500,3029,2421,2426,89.85%,89,6
百度统计代码,501,3024,2077,2087,84.74%,89,6
zhanzhangtongji,502,3016,805,813,11.05%,225,15
数据统计,503,2998,2268,2309,92.47%,78,4
百度网页统计,504,2994,2334,2346,95.87%,68,6
实时访客,505,2985,2811,2810,95.24%,105,4
BAIDUTONGJI,506,2982,2622,2629,97.79%,116,11
百度访问统计,507,2974,2521,2523,87.37%,129,6
百度统计官网,508,2973,2295,2299,86.24%,71,6
网站统计代码,509,2957,2643,2643,90.85%,120,6
流量统计,510,2952,2648,2648,93.86%,75,4
tongji.baidu.com,511,2942,2672,2674,96.94%,121,16
hm.baidu.com,512,2928,2523,2525,93.19%,76,12
百度数据分析,513,2918,2314,2314,84.31%,107,6
百度趋势,514,2914,1671,1676,60.60%,63,4
百度数据分析工具,515,2912,2691,2691,95.36%,37,8
百度统计登陆,516,2899,2555,2556,97.16%,118,6
数据统计,517,2893,2042,2085,82.38%,65,4
zhanzhangtongji,518,2889,2426,2427,88.49%,71,15
百度访问统计,519,2874,1187,1191,47.80%,241,6
网站统计工具,520,2865,2185,2181,88.43%,73,6
百度统计平台,521,2857,2596,2596,92.36%,100,6
统计数据的网站,522,2853,2655,2661,94.86%,36,7
百度统计子目录管理,523,2852,2440,2444,88.25%,131,9
百度数据埋点,524,2843,2605,2606,94.37%,91,6
百度数据埋点,525,2828,1973,1968,80.79%,63,6
百度统计第三方推广统计,526,2821,2564,2567,98.15%,120,11
百度流量统计,527,2820,1510,1514,46.03%,70,6
字数统计,528,2819,1706,1708,55.42%,79,4
网站统计工具,529,2812,2123,2125,86.04%,75,6
网站流量分析,530,2811,2541,2545,94.37%,79,6
baidu_analytics,531,2810,2407,2405,89.47%,78,15
网站流量统计 代码,532,2809,2527,2531,95.85%,95,9
百度统计(站长版),533,2808,2301,2304,87.21%,153,9
网站统计工具,534,2805,2363,2365,90.19%,86,6
访问统计,535,2799,1747,1747,57.84%,82,4
bdtj,536,2794,1497,1506,87.52%,104,4
百度统计,537,2788,2032,2038,88.23%,97,4
网站数据,538,2788,1851,1861,75.71%,57,4
分析云,539,2786,2648,2648,95.85%,123,3
百度统计登录,540,2786,2448,2447,94.91%,80,6
统计百度,541,2785,2590,2590,93.29%,115,4
百度站点统计,542,2779,2091,2099,78.35%,196,6
百度网页统计,543,2775,2164,2171,84.52%,208,6
百度统计自定义事件,544,2772,2420,2433,90.31%,35,9
百度云,545,2759,1950,1954,78.54%,93,3
hm.baidu.com,546,2755,2185,2191,96.52%,74,12
网站统计代码,547,2743,2296,2296,87.63%,100,6
百度流量统计,548,2742,2207,2213,84.52%,132,6
数据统计,549,2738,1809,1824,87.08%,96,4
站长统计,550,2729,2569,2569,94.93%,109,4
百度站长统计,551,2728,1731,1742,73.74%,52,6
站长统计,552,2724,2559,2559,94.75%,113,4
网站流量统计 代码,553,2721,2275,2283,88.68%,155,9
百度统计,554,2716,1456,1469,90.69%,86,4
百度统计账号,555,2706,2325,2335,89%,160,6
数据统计,556,2696,1846,1854,84.82%,84,4
tongji.baidu.com,557,2689,2098,2105,96.07%,75,16
百度大数据,558,2685,1778,1787,76.25%,60,5
网站访问统计,559,2674,2556,2556,96.79%,113,6
网站访问统计,560,2664,2024,2027,82.56%,38,6
百度统计开放平台,561,2663,2251,2252,92.40%,72,8
站长统计,562,2661,1533,1578,74.57%,65,4
百度统计器,563,2659,2308,2311,93.98%,95,5
百度数据,564,2657,2239,2243,91.49%,115,4
百度统计登陆,565,2654,2264,2263,90.46%,104,6
百度统计api,566,2645,2490,2490,95.60%,93,7
网站统计,567,2641,2013,2021,88.22%,62,4
网站流量统计 代码,568,2637,1707,1710,81.52%,68,9
网站访问统计,569,2634,2241,2244,94.07%,88,6
百度统计登陆,570,2633,2192,2208,94.94%,66,6
百度数据埋点,571,2632,2323,2325,91.58%,44,6
百度网页统计,572,2628,1612,1612,68.36%,69,6
实时访客,573,2624,1569,1575,71.03%,74,4
hm.baidu.com,574,2620,2336,2340,95.32%,112,12
百度统计账号,575,2619,2073,2077,82.90%,52,6
站长统计 网站统计,576,2613,2324,2330,93.02%,65,9
网站速度诊断,577,2612,2150,2158,87.47%,136,6
百度趋势,578,2610,1718,1754,85.34%,58,4
百度趋势,579,2604,2430,2431,94.42%,126,4
统计百度,580,2593,1833,1835,79.55%,110,4
百度统计趋势分析报告推送邮件,581,2589,2451,2451,95.65%,113,14
字数统计,582,2585,1539,1551,66.35%,77,4
百度统计自定义事件,583,2584,2060,2064,92.44%,72,9
百度流量统计,584,2582,1953,1954,83.62%,127,6
分析云,585,2582,2265,2265,93.23%,92,3
统计,586,2577,1633,1634,50.79%,48,2
百度统计平台,587,2569,2212,2214,89.80%,34,6
网站访问统计,588,2562,1878,1883,85.52%,51,6
站长统计,589,2562,2190,2191,92.10%,113,4
百度统计api,590,2558,2052,2054,84.56%,131,7
百度访问量,591,2557,2356,2361,93.20%,59,5
tongji,592,2556,2189,2195,89.36%,143,6
百度数据埋点,593,2555,1694,1699,80.10%,82,6
百度统计 新增网站 网站首页,594,2542,2236,2236,92.98%,101,14
百度统计 pv,595,2542,2368,2368,93.95%,112,7
百度統計,596,2538,1785,1785,78.84%,67,4
bdtj,597,2505,2300,2301,92.67%,91,4
百度统计登陆,598,2488,1695,1701,80.73%,87,6
分析云,599,2485,2118,2120,92.06%,117,3
百度统计平台,600,2484,987,989,53.86%,217,6
BAIDUTONGJI,601,2473,2050,2058,87.34%,169,11
数据中台,602,2468,1500,1500,62.73%,88,4
网站流量统计分析,603,2466,1856,1859,85.02%,103,8
tongji.baidu.com,604,2453,1442,1447,65.23%,76,16
百度流量监控,605,2451,2233,2233,93.59%,33,6
百度流量统计,606,2450,2117,2117,89.91%,117,6
百度网站流量统计,607,2450,1373,1373,45.24%,72,8
百度网站流量统计,608,2447,2027,2027,88.73%,65,8
网站统计,609,2437,2326,2326,95.70%,114,4
百度大数据,610,2437,1985,1992,87.38%,88,5
百度排名系统,611,2431,941,946,41.70%,76,6
百度统计api,612,2422,1808,1810,87.96%,75,7
百度 统计,613,2412,2014,2015,88.17%,101,5
网站流量代码,614,2412,1611,1614,87.92%,57,6
数据统计,615,2411,1886,1883,81.86%,175,4
网站流量统计,616,2404,1620,1631,78.73%,49,6
统计百度,617,2400,1855,1862,94.50%,71,4
百度统计子目录管理,618,2398,2049,2060,89.46%,163,9
百度统计文档,619,2398,2033,2034,91.36%,81,6
网站统计,620,2391,2159,2160,94.90%,94,4
统计百度,621,2390,1951,1949,86.57%,148,4
网站统计工具,622,2383,1520,1531,79.39%,81,6
百度统计代码,623,2380,1222,1238,54.81%,53,6
站长统计 网站统计,624,2373,1776,1785,84.63%,89,9
百度趋势,625,2364,1453,1456,71.60%,62,4
网站统计,626,2357,2201,2201,94.40%,116,4
百度统计在线报表,627,2355,1524,1528,74.87%,54,8
网站流量代码,628,2350,1519,1522,71.45%,83,6
baidu统计,629,2343,1728,1733,86.37%,70,7
百度数据研究中心,630,2340,1841,1843,85.45%,133,8
baidu tongji,631,2340,1653,1653,78.28%,95,12
baidu_analytics,632,2335,314,315,16.98%,400,15
百度站长统计,633,2334,1798,1815,89.82%,91,6
百度数据分析,634,2331,1426,1439,67.80%,77,6
站长统计 网站统计,635,2330,1431,1431,83.69%,69,9
网站流量统计 代码,636,2329,1978,1979,90.34%,100,9
百度站长统计,637,2327,2083,2083,93.82%,113,6
百度统计 新增网站 网站首页,638,2315,1922,1922,87.91%,73,14
百度统计api,639,2314,776,782,47.07%,90,7
hm.baidu.com,640,2308,2238,2239,97.68%,126,12
百度流量监控,641,2298,1896,1897,86.34%,166,6
网站流量统计,642,2295,1781,1786,95.84%,111,6
网站数据,643,2288,1667,1674,94.01%,89,4
baidu统计,644,2286,1793,1795,84.02%,118,7
百度云,645,2284,1932,1933,88.53%,91,3
百度统计账号,646,2282,2224,2224,98.02%,110,6
百度访问量,647,2282,1345,1351,90.89%,80,5
网站访问量统计,648,2281,1912,1914,86.58%,46,7
百度统计代码,649,2276,2003,2008,94.65%,89,6
百度数据统计,650,2272,988,989,49.95%,87,6
网站数据,651,2270,1818,1819,88.51%,45,4
百度统计api,652,2268,2209,2209,97.78%,113,7
网站流量代码,653,2259,1357,1376,90.38%,92,6
访问统计,654,2252,1792,1800,89.34%,101,4
hm.baidu.com,655,2246,1696,1700,91.69%,113,12
百度网页统计,656,2245,1646,1646,76.66%,76,6
实时访客,657,2237,1891,1893,92.54%,116,4
百度统计,658,2213,1497,1530,86.49%,87,4
百度数据统计,659,2208,1696,1708,93.12%,109,6
百度统计怎么使用,660,2208,1663,1665,78.88%,186,8
网站访问统计,661,2206,772,793,29.65%,106,6
网站数据,662,2198,2049,2052,96.06%,109,4
百度统计子目录管理,663,2198,1824,1825,85.42%,78,9
数据中台,664,2187,1598,1598,86.27%,87,4
BAIDUTONGJI,665,2185,1066,1066,39.85%,59,11
字数统计,666,2185,995,1005,60.79%,66,4
百度流量,667,2179,1924,1925,92.34%,101,4
百度统计账号,668,2179,1625,1625,82.57%,102,6
百度数据,669,2177,1574,1581,86.27%,114,4
百度统计(站长版),670,2176,1777,1778,88.04%,157,9
百度数据统计,671,2174,1875,1876,96.89%,76,6
BAIDUTONGJI,672,2174,1543,1546,82.48%,77,11
tongji.baidu.com,673,2173,1899,1900,95.79%,114,16
百度数据研究中心,674,2172,1413,1414,78.03%,49,8
百度统计登陆,675,2169,1686,1694,91.64%,76,6
baidu tongji,676,2165,1707,1707,86.22%,98,12
百度分析,677,2157,1011,1040,64.52%,68,4
百度大数据,678,2157,731,742,11.04%,167,5
百度統計,679,2156,1820,1821,90.45%,80,4
百度网站流量统计,680,1,1,1,100%,120,8
百度网站流量统计,681,2154,252,253,14.06%,758,8
访问统计,682,2152,1519,1534,86.24%,74,4
百度统计工具,683,2149,2058,2058,97.27%,41,6
百度统计登录,684,2148,1999,2000,94.86%,72,6
流量统计,685,2140,1374,1377,76.13%,75,4
百度统计器,686,2133,1480,1479,81.77%,87,5
百度站长统计,687,2127,1668,1670,85.19%,115,6
流量统计,688,2125,1374,1382,82.75%,77,4
网站访问分析,689,2124,1330,1335,74.44%,61,6
百度统计官网,690,2119,1808,1812,87.16%,128,6
百度数据分析工具,691,2112,1605,1609,86.40%,94,8
百度排名系统,692,2111,1421,1426,73.20%,86,6
百度流量统计,693,2108,1940,1943,94.87%,91,6
百度统计在线报表,694,2106,1948,1948,94.05%,116,8
百度数据分析,695,2106,1674,1686,88.90%,68,6
百度站长统计,696,2105,1940,1938,93.40%,75,6
实时访客,697,2104,772,773,31.03%,181,4
百度统计登陆,698,2104,1691,1692,83.98%,141,6
百度大数据,699,2101,1470,1495,85.39%,76,5
百度访问量,700,2100,1778,1779,86.39%,84,5
百度网站流量统计,701,2096,1789,1789,88.09%,110,8
统计百度,702,2094,1565,1566,81.29%,98,4
_hmt.push,703,2093,1789,1790,87.92%,129,9
百度统计代码,704,2081,1258,1258,53.81%,74,6
baidu统计,705,2074,1483,1489,84.10%,87,7
百度统计平台,706,2070,1773,1776,92.21%,88,6
站长统计,707,2069,1771,1771,85.95%,125,4
网站流量统计 代码,708,2065,1773,1772,87.63%,98,9
百度统计 pv,709,2062,1158,1158,45.51%,69,7
统计代码,710,2058,1891,1894,94.63%,72,4
百度流量,711,2057,1830,1834,97.70%,114,4
百度数据分析,712,2053,1679,1684,87.76%,125,6
百度数据分析,713,2049,1069,1077,65.58%,97,6
百度统计文档,714,2044,1918,1921,96.25%,118,6
百度数据研究中心,715,2028,1920,1920,96.68%,79,8
百度统计平台,716,2021,1660,1661,87.47%,50,6
baidu统计,717,2020,1628,1628,84.78%,101,7
字数统计,718,2019,1287,1288,82.62%,92,4
百度流量,719,2016,1907,1908,95.02%,108,4
tongji,720,2015,1777,1782,91.39%,38,6
hm.baidu.com,721,2011,1101,1104,39.52%,69,12
主页,722,2004,1768,1768,93.22%,83,2
百度统计器,723,2004,1832,1836,96.54%,96,5
实时访客,724,2000,1666,1667,90.25%,82,4
百度访问量,725,1999,1071,1073,55.77%,78,5
tongji.baidu.com,726,1997,1948,1950,98.26%,118,16
百度统计(站长版),727,1994,1800,1799,93.17%,108,9
统计,728,1984,1082,1083,39.98%,62,2
百度访问统计,729,1979,1456,1473,90.93%,84,6
百度网站统计,730,1977,1742,1743,95.09%,83,6
百度统计登陆,731,1973,1683,1683,90.79%,114,6
百度排名系统,732,1970,1818,1818,93.57%,96,6
百度统计怎么使用,733,1967,1428,1434,87.80%,98,8
百度排名系统,734,1964,283,291,8.20%,660,6
网站统计工具,735,1962,1789,1791,96.73%,105,6
tongji,736,1961,1903,1903,97.37%,108,6
流量统计,737,1961,1887,1887,97.14%,112,4
百度云,738,1959,1266,1277,75.23%,68,3
百度统计账号,739,1949,1572,1583,85.73%,163,6
百度流量监控,740,1948,1546,1553,84.63%,170,6
主页,741,1946,1197,1197,60.52%,72,2
网站访问分析,742,1946,1203,1242,84.64%,39,6
百度网页统计,743,1933,908,912,58.44%,155,6
网站统计工具,744,1931,1494,1494,86.32%,53,6
网站流量统计分析,745,1928,969,971,64.98%,81,8
流量统计,746,1925,1506,1510,86.36%,87,4
baidu tongji,747,1924,996,999,67.61%,67,12
百度统计子目录管理,748,1921,1500,1501,85%,110,9
百度统计(站长版),749,1919,1552,1553,82.92%,105,9
百度統計,750,1917,1424,1428,89.47%,76,4
百度数据研究中心,751,1913,1613,1614,85.80%,160,8
网站访问量统计,752,1913,1310,1312,75.86%,55,7
统计,753,1913,974,973,35.35%,54,2
百度流量监控,754,1913,1573,1577,86.05%,163,6
百度统计工具,755,1911,1831,1831,96.49%,115,6
zhanzhangtongji,756,1911,1051,1052,42.62%,81,15
百度云,757,1901,1441,1449,88.51%,111,3
网站统计,758,1899,1207,1206,57.80%,72,4
百度访问统计,759,1898,1282,1289,87.18%,130,6
百度统计 pv,760,1898,1536,1540,92.33%,79,7
统计数据的网站,761,1897,1560,1561,92.69%,81,7
百度大数据,762,1893,1685,1703,94.59%,76,5
网站访问分析,763,1892,1570,1578,88.39%,100,6
百度统计登录,764,1892,1344,1358,89.93%,84,6
BAIDUTONGJI,765,15,1,1,0%,787,11
BAIDUTONGJI,766,1877,207,225,9.58%,619,11
百度站长统计,767,1889,1836,1837,98.16%,115,6
百度统计(站长版),768,1889,1579,1581,90.10%,111,9
tongji.baidu.com,769,1884,1224,1224,72.23%,57,16
百度统计开放平台,770,1881,1126,1126,51.24%,95,8
hm.baidu.com,771,1876,1739,1746,94.80%,28,12
百度统计平台,772,1871,1478,1479,82.15%,99,6
百度流量统计,773,1869,834,854,44.25%,90,6
分析云,774,1866,1225,1256,85.01%,52,3
网站点击量统计,775,1860,990,996,64.76%,66,7
百度统计登陆,776,1859,1733,1737,94.45%,39,6
百度站长统计,777,1858,1351,1371,83.39%,75,6
网站访问分析,778,1854,1596,1598,96.04%,112,6
百度访问量,779,1853,1324,1340,79.84%,46,5
网站统计,780,1853,1640,1641,93.51%,99,4
访问统计,781,1847,1452,1469,84.71%,193,4
百度统计登录,782,1846,1623,1625,96.60%,98,6
百度统计开放平台,783,1846,1509,1511,95.89%,115,8
百度统计登陆,784,1844,1429,1435,89.92%,77,6
百度统计 新增网站 网站首页,785,1839,425,429,2.52%,311,14
百度数据统计,786,1837,1574,1576,94.10%,119,6
百度统计子目录管理,787,1835,1416,1418,91.05%,89,9
站长统计,788,1831,1397,1401,89.03%,127,4
baidu统计,789,1831,1245,1245,74.42%,196,7
百度站点统计,790,1829,948,982,76.03%,47,6
百度统计账号,791,1827,1433,1437,91.66%,77,6
百度统计趋势分析报告推送邮件,792,1820,1724,1724,96.05%,110,14
bdtj,793,1817,1523,1523,86.81%,120,4
百度统计账号,794,1809,1107,1106,82.49%,89,6
百度分析,795,1804,1162,1162,65.43%,83,4
百度网站流量统计,796,1803,1653,1653,95.07%,79,8
百度统计器,797,1803,1493,1493,88.07%,111,5
网站流量统计分析,798,1801,1741,1742,97.42%,113,8
百度数据统计,799,1800,1451,1453,90.53%,83,6
百度统计,800,1799,1483,1488,93.22%,67,4
统计,801,1796,923,930,65.35%,66,2
百度数据研究中心,802,1792,1582,1583,91.82%,37,8
百度流量,803,1792,1631,1631,93.99%,121,4
hm.baidu.com,804,1790,1630,1630,93.43%,116,12
站长流量统计,805,1784,1185,1192,84.96%,72,6
_hmt.push,806,1783,592,592,9.66%,213,9
网站速度诊断,807,1782,1279,1283,79.74%,42,6
百度站点统计,808,1781,992,993,49.46%,68,6
百度统计账号,809,1781,1039,1043,66.86%,80,6
网站流量统计分析,810,1780,1012,1018,65.34%,70,8
数据中台,811,1779,1353,1362,93.72%,116,4
百度排名系统,812,1777,1355,1358,93.95%,116,6
百度统计器,813,1773,1191,1191,73.18%,84,5
百度统计登陆,814,1771,1698,1698,96.35%,109,6
百度统计文档,815,1771,518,528,34.51%,112,6
百度统计api,816,1770,1670,1670,95.81%,109,7
站长统计 网站统计,817,1770,1097,1096,56.90%,70,9
网站访问分析,818,1766,1245,1252,85.89%,86,6
访问统计,819,1766,619,635,46.70%,109,4
百度流量,820,1762,1491,1498,94%,99,4
网站速度诊断,821,1761,1662,1662,96.44%,111,6
百度排名系统,822,1760,1645,1654,96.26%,28,6
站长统计 网站统计,823,1758,1606,1608,95.48%,52,9
统计,824,1749,1506,1506,90.01%,46,2
tongji,825,1748,1450,1454,87.23%,200,6
百度站点统计,826,1741,1544,1546,90.78%,130,6
百度统计登陆,827,1741,1327,1330,83.79%,265,6
百度统计平台,828,1738,1204,1216,76.31%,45,6
站长统计 网站统计,829,1736,1438,1440,88.15%,80,9
百度数据研究中心,830,1736,685,693,38.71%,123,8
百度统计账号,831,1736,1605,1606,95.63%,83,6
实时访客,832,1732,1236,1239,78.63%,97,4
bdtj,833,1730,1241,1243,84.08%,90,4
网站流量代码,834,1727,929,931,40.72%,73,6
百度数据统计,835,1726,1011,1011,57.76%,70,6
百度网站统计,836,1723,1063,1065,74.94%,85,6
tongji,837,1722,1070,1070,53.44%,78,6
数据统计,838,1718,510,516,23.27%,121,4
百度网页统计,839,1717,1611,1611,94.43%,124,6
数据中台,840,1716,789,828,59.88%,55,4
数据中台,841,1705,1480,1485,88.99%,159,4
网站流量统计 代码,842,1705,1158,1191,84.67%,81,9
数据统计,843,1699,1239,1239,86.96%,72,4
网站点击量统计,844,1693,1592,1592,95.90%,120,7
主页,845,1690,1248,1249,80.36%,57,2
百度数据分析,846,1690,1428,1428,87.60%,107,6
百度统计文档,847,1690,1330,1348,93.11%,70,6
BAIDUTONGJI,848,1686,1203,1205,83.16%,82,11
baidu统计,849,1685,1424,1425,90.47%,86,7
百度数据统计,850,1682,1366,1371,94.86%,119,6
网站流量统计,851,1681,1303,1307,83.89%,97,6
百度统计 pv,852,1676,1523,1524,96.09%,75,7
百度统计api,853,1675,579,604,32.96%,77,7
百度流量监控,854,1673,1561,1562,94.78%,37,6
网站访问分析,855,1673,1049,1053,87.26%,111,6
百度统计账号,856,1672,1374,1385,94.65%,99,6
网站流量代码,857,1671,1438,1440,93.59%,69,6
网站统计,858,1670,1627,1627,98.10%,111,4
百度排名系统,859,1667,1348,1350,97.46%,114,6
站长流量统计,860,1667,950,950,39.18%,65,6
zhanzhangtongji,861,1663,1375,1375,87.98%,120,15
百度统计器,862,1661,1075,1081,75.46%,64,5
流量统计,863,1661,1051,1053,76.15%,46,4
百度数据统计,864,1656,1390,1391,87.27%,152,6
hm.baidu.com,865,1652,1319,1320,83.40%,95,12
站长统计 网站统计,866,1647,1236,1236,74.40%,96,9
网站流量代码,867,1643,1531,1532,96.40%,111,6
百度网站流量统计,868,1640,1302,1302,89.11%,101,8
百度统计账号,869,1639,975,976,50.82%,91,6
网站访问统计,870,1639,1165,1176,90.65%,120,6
百度网页统计,871,1638,1048,1050,76.42%,106,6
百度趋势,872,1637,343,340,16.91%,618,4
字数统计,873,1634,1341,1342,94.23%,116,4
tongji.baidu.com,874,1628,868,883,53.52%,56,16
zhanzhangtongji,875,1623,1251,1251,82.18%,32,15
百度流量统计,876,1621,1314,1329,89.75%,43,6
百度统计(站长版),877,1620,1393,1392,88.24%,127,9
百度云,878,1620,1326,1336,93.34%,87,3
bdtj,879,1618,1523,1523,96.26%,111,4
百度统计代码,880,1614,895,895,39.18%,63,6
百度统计自定义事件,881,1614,1269,1277,89.66%,87,9
百度统计子目录管理,882,1612,1376,1380,94.14%,85,9
网站点击量统计,883,1611,1435,1443,94.16%,88,7
百度站长统计,884,1607,1439,1439,91.15%,93,6
百度统计器,885,1607,793,794,64.59%,65,5
访问统计,886,1602,1471,1471,94.73%,106,4
百度排名系统,887,1597,514,524,36.64%,74,6
百度统计第三方推广统计,888,1595,999,1000,55.73%,62,11
网站流量统计 代码,889,1595,908,910,67.27%,101,9
百度排名系统,890,1593,1433,1433,95.20%,111,6
百度统计子目录管理,891,1590,1504,1505,95.02%,122,9
百度统计第三方推广统计,892,1589,1371,1372,95.91%,83,11
字数统计,893,1589,1161,1161,77.99%,100,4
网站访问统计,894,1587,1373,1373,91.63%,75,6
分析云,895,1583,1439,1439,92.84%,113,3
百度统计api,896,1582,1277,1277,88.57%,57,7
访问统计,897,1580,1423,1422,94.46%,111,4
流量统计,898,1577,1223,1224,81.85%,116,4
站长统计 网站统计,899,1576,1490,1493,95.66%,113,9
百度流量监控,900,1575,1363,1363,90.80%,84,6
访问统计,901,1574,931,950,79.98%,74,4
数据中台,902,1570,1058,1064,91.57%,78,4
分析云,903,1570,822,822,42.84%,66,3
百度统计自定义事件,904,1568,1386,1390,95.95%,97,9
百度访问量,905,1559,1069,1078,90.14%,74,5
百度統計,906,1553,1139,1139,84.94%,60,4
百度统计器,907,1553,1045,1047,76.17%,73,5
百度统计官网,908,1552,701,705,55.54%,75,6
百度统计登陆,909,1549,851,851,39.62%,66,6
网站流量分析,910,1544,1179,1182,83.75%,190,6
网站统计,911,1543,1394,1397,91.01%,129,4
百度网页统计,912,1543,1351,1351,91.07%,90,6
百度趋势,913,1538,1250,1250,85.50%,111,4
百度数据分析工具,914,1538,1033,1033,62.09%,88,8
baidu tongji,915,1538,1065,1067,82.78%,86,12
网站流量统计,916,1530,1171,1172,90.21%,113,6
百度统计第三方推广统计,917,1528,1303,1303,87.72%,108,11
bdtj,918,1524,1391,1394,95.66%,114,4
网站访问量统计,919,1523,741,764,70.55%,78,7
百度流量监控,920,1522,993,993,59.26%,74,6
百度统计,921,1522,1001,1025,83.17%,47,4
网站统计工具,922,1518,1317,1317,88.77%,75,6
网站点击量统计,923,1518,1049,1053,86.20%,88,7
百度统计账号,924,1518,1276,1278,95.06%,108,6
站长统计 网站统计,925,1514,1168,1170,93.28%,106,9
zhanzhangtongji,926,1508,934,934,55.54%,78,15
百度网站流量统计,927,1499,1351,1351,92.01%,119,8
字数统计,928,1494,1236,1239,86.03%,202,4
站长统计,929,1490,1249,1249,92.89%,49,4
站长流量统计,930,1490,923,926,75.87%,75,6
baidu_analytics,931,1487,1040,1042,86.20%,79,15
网站流量统计分析,932,1481,1300,1301,90.48%,106,8
统计,933,1481,810,808,57.80%,95,2
百度统计登陆,934,1481,1299,1300,90.62%,80,6
统计百度,935,1480,974,974,63.80%,93,4
百度统计器,936,1479,867,876,93.09%,89,5
百度数据埋点,937,1474,1411,1412,96.25%,105,6
百度统计在线报表,938,1473,1370,1369,95.65%,78,8
百度统计登录,939,1472,784,797,71.55%,90,6
百度统计第三方推广统计,940,1468,980,984,71.13%,54,11
网站访问统计,941,1467,1094,1093,84.03%,57,6
统计百度,942,1466,1254,1263,88.86%,166,4
字数统计,943,1465,883,884,44.87%,71,4
BAIDUTONGJI,944,1461,936,936,62.93%,58,11
百度统计自定义事件,945,1460,952,952,70.10%,97,9
百度统计,946,1460,1267,1267,87.22%,121,4
baidu tongji,947,1459,1144,1145,87.43%,122,12
百度统计自定义事件,948,1458,469,493,44.57%,85,9
百度排名系统,949,1456,897,897,50.39%,77,6
tongji,950,1454,1381,1381,95.38%,129,6
百度分析,951,1453,1279,1280,90.04%,101,4
BAIDUTONGJI,952,1451,989,990,69.35%,76,11
hm.baidu.com,953,1445,1283,1283,92.83%,45,12
百度统计登录,954,1443,911,918,77.21%,77,6
百度统计账号,955,1442,1014,1026,85.38%,78,6
数据中台,956,1438,1351,1352,98.04%,117,4
百度统计怎么使用,957,1437,1301,1301,92.77%,90,8
网站流量统计分析,958,1435,799,798,63.52%,62,8
百度数据,959,1435,1303,1303,93.93%,92,4
百度统计官网,960,1430,964,968,84.30%,81,6
百度流量监控,961,1426,1355,1355,95.72%,113,6
百度统计账号,962,1422,1208,1209,89.37%,114,6
tongji.baidu.com,963,1421,1370,1370,96.72%,103,16
统计,964,1420,1194,1200,90.02%,92,2
百度统计登陆,965,1418,1265,1266,90.47%,115,6
百度统计趋势分析报告推送邮件,966,1416,778,779,76.21%,55,14
百度网站流量统计,967,1415,1363,1364,96.77%,117,8
tongji,968,1415,1289,1291,94.80%,91,6
网站流量统计分析,969,1409,1214,1214,89.51%,108,8
百度统计子目录管理,970,1407,971,973,84.80%,103,9
网站数据,971,1406,1224,1224,89.39%,170,4
百度访问统计,972,1406,1101,1104,88.61%,83,6
百度数据统计,973,1406,895,907,77.18%,38,6
访问统计,974,1402,1239,1239,96.21%,112,4
baidu_analytics,975,1401,1261,1263,95.49%,81,15
百度网站流量统计,976,1395,1289,1290,96.72%,113,8
百度访问量,977,1394,1312,1312,95.35%,59,5
实时访客,978,1387,953,973,91.21%,88,4
网站流量统计分析,979,1385,953,955,82.85%,103,8
统计数据的网站,980,1385,763,793,78.26%,50,7
百度统计 pv,981,1381,1197,1198,95.10%,73,7
百度趋势,982,1380,1172,1179,88.15%,145,4
百度统计文档,983,1376,245,245,20.39%,598,6
网站统计代码,984,1371,1181,1181,88.75%,105,6
百度统计自定义事件,985,1370,1167,1167,91.63%,82,9
百度统计平台,986,1368,1086,1086,86.32%,128,6
百度统计登陆,987,1364,1298,1298,96.39%,113,6
百度云,988,1363,1261,1264,95.52%,118,3
百度统计平台,989,1361,1036,1040,83.26%,124,6
百度统计登陆,990,1360,1104,1111,85.44%,187,6
数据统计,991,1358,920,921,76.45%,85,4
百度统计代码,992,1357,1127,1135,89.32%,35,6
百度排名系统,993,1354,1269,1269,95.36%,118,6
baidu tongji,994,1351,921,921,63.23%,65,12
网站统计代码,995,1349,785,799,66.59%,84,6
bdtj,996,1346,1127,1140,91.01%,51,4
百度数据埋点,997,1342,1243,1243,95.45%,116,6
统计,998,1342,1072,1075,93.31%,111,2
百度统计开放平台,999,1340,874,876,74.18%,70,8
百度数据研究中心,1000,1340,1152,1152,89.91%,96,8
百度统计第三方推广统计,1001,1339,984,988,85.37%,74,11
